Country Name	Country Code	Indicator Name	Indicator Code	1960	1961	1962	1963	1964	1965	1966	1967	1968	1969	1970	1971	1972	1973	1974	1975	1976	1977	1978	1979	1980	1981	1982	1983	1984	1985	1986	1987	1988	1989	1990	1991	1992	1993	1994	1995	1996	1997	1998	1999	2000	2001	2002	2003	2004	2005	2006	2007	2008	2009	2010	2011	2012	2013	2014	2015	2016	2017
Aruba	ABW	"GNI per capita, Atlas method (current US$)"	NY.GNP.PCAP.CD																																																										
Afghanistan	AFG	"GNI per capita, Atlas method (current US$)"	NY.GNP.PCAP.CD																																													210	250	270	330	360	460	500	560	670	680	650	600	580	
Angola	AGO	"GNI per capita, Atlas method (current US$)"	NY.GNP.PCAP.CD																												690	690	710	750	770	400	260	160	310	330	420	410	330	360	390	470	570	810	1070	1490	2160	2760	3190	3240	3390	3820	4350	4470	4040	3450	
Albania	ALB	"GNI per capita, Atlas method (current US$)"	NY.GNP.PCAP.CD																											720	760	760	790	680	420	300	320	400	660	920	830	900	1010	1170	1330	1410	1690	2150	2670	3090	3480	3950	4230	4360	4410	4360	4480	4440	4290	4180	
Andorra	AND	"GNI per capita, Atlas method (current US$)"	NY.GNP.PCAP.CD																																																										
Arab World	ARB	"GNI per capita, Atlas method (current US$)"	NY.GNP.PCAP.CD																																			2105.711789	2147.30387	2241.250032	2308.611862	2308.664081	2286.015251	2409.776809	2496.290252	2474.862489	2681.867595	3061.314717	3498.962975	4013.49935	4617.569406	5422.474067	5490.883047	5752.896467	6020.580353	6848.074585	7315.086916	7452.305598	7022.908581	6583.88537	
United Arab Emirates	ARE	"GNI per capita, Atlas method (current US$)"	NY.GNP.PCAP.CD																																										31750	30690	32520	35990	37570	39810	40400	41040	36140	34530	36010	40390	44200	44870	42910	40480	
Argentina	ARG	"GNI per capita, Atlas method (current US$)"	NY.GNP.PCAP.CD					1110	1230	1340	1230	1210	1300	1320	1470	1460	1810	2460	2700	2340	2200	2170	2600	2940	2810	2570	2800	2820	2650	3010	3600	3900	2910	3170	3950	6280	7070	7540	7330	7700	8110	7990	7540	7440	6960	3930	3550	3560	4600	5450	6470	7610	7730	9170	10610	11790	12770	12260	12430	11970	
Armenia	ARM	"GNI per capita, Atlas method (current US$)"	NY.GNP.PCAP.CD																																	310	330	400	460	520	560	590	610	660	710	800	960	1170	1540	2020	2760	3600	3330	3470	3530	3880	4120	4150	4030	3770	
American Samoa	ASM	"GNI per capita, Atlas method (current US$)"	NY.GNP.PCAP.CD																																																										
Antigua and Barbuda	ATG	"GNI per capita, Atlas method (current US$)"	NY.GNP.PCAP.CD																				1520	1830	2060	2110	2320	2770	3200	3560	4440	5560	6000	6390	6810	7030	7480	7920	7590	8070	8370	8500	8770	9230	8950	8770	9570	10410	11320	12640	13860	14070	12570	11800	11520	11900	12020	12500	12850	13560	
Australia	AUS	"GNI per capita, Atlas method (current US$)"	NY.GNP.PCAP.CD			1880	1970	2110	2270	2350	2540	2730	2980	3280	3480	3890	4660	5960	7230	7880	8090	8480	9610	10840	11880	12090	11600	12050	12030	12330	12570	14140	15610	17350	18250	18560	18930	18890	19320	20520	21980	21790	21460	21130	20130	19980	21130	25520	30340	34170	37340	42390	44040	46560	50150	59800	65560	64740	60180	54230	
Austria	AUT	"GNI per capita, Atlas method (current US$)"	NY.GNP.PCAP.CD			1060	1140	1240	1340	1470	1560	1680	1850	2070	2320	2760	3580	4650	5540	5980	6660	7540	9620	11460	11180	10380	9600	9270	9360	10820	13810	18070	19300	20630	21810	24520	24870	26140	28190	30100	29580	27980	27090	26790	25300	24970	27990	33720	38690	41420	44460	49120	49010	49630	50570	50060	50750	50400	47610	45870	
Azerbaijan	AZE	"GNI per capita, Atlas method (current US$)"	NY.GNP.PCAP.CD																																		590	440	400	400	450	510	570	610	660	720	820	950	1270	1890	2710	3900	4830	5410	5560	6480	7450	7700	6550	4760	
Burundi	BDI	"GNI per capita, Atlas method (current US$)"	NY.GNP.PCAP.CD			70	80	80	70	60	60	50	50	70	70	70	80	100	110	120	140	150	180	220	250	240	230	220	240	250	260	250	230	220	220	210	180	160	150	140	150	150	140	130	130	130	120	120	130	150	170	190	190	210	230	260	280	290	280	280	
Belgium	BEL	"GNI per capita, Atlas method (current US$)"	NY.GNP.PCAP.CD			1450	1530	1670	1800	1950	2100	2270	2510	2790	3090	3660	4710	6020	6940	7620	8260	9610	11790	14050	13260	11240	9470	8910	8870	10210	13160	17090	18120	19400	20680	23280	23520	25210	27200	28760	28650	26720	26180	26040	24530	24130	27120	32970	37850	40030	42780	46720	46270	47920	47080	47190	47330	46940	44340	41860	
Benin	BEN	"GNI per capita, Atlas method (current US$)"	NY.GNP.PCAP.CD			90	100	110	110	110	120	120	120	120	120	130	160	190	200	210	230	250	310	390	410	360	290	270	260	270	310	360	340	370	380	370	380	330	360	350	380	370	380	390	390	390	440	530	600	630	670	750	790	790	800	820	890	930	870	820	
Burkina Faso	BFA	"GNI per capita, Atlas method (current US$)"	NY.GNP.PCAP.CD			80	80	80	80	80	90	90	90	90	90	90	110	140	160	170	170	200	250	300	300	280	240	210	210	240	270	330	330	330	360	320	280	230	230	250	250	250	260	250	240	240	280	340	410	430	460	520	550	570	600	650	690	680	620	620	
Bangladesh	BGD	"GNI per capita, Atlas method (current US$)"	NY.GNP.PCAP.CD														120	160	210	200	170	160	190	230	260	240	220	210	220	240	270	280	290	310	310	320	320	320	330	360	380	400	410	420	430	420	450	490	530	560	590	640	710	780	870	940	1010	1070	1190	1330	
Bulgaria	BGR	"GNI per capita, Atlas method (current US$)"	NY.GNP.PCAP.CD																							2360	2090	2010	1950	2190	2720	3110	2830	2250	1620	1430	1250	1240	1360	1300	1330	1390	1490	1660	1770	1960	2360	3050	3800	4290	4860	6040	6710	6980	7220	7420	7610	7720	7480	7580	
Bahrain	BHR	"GNI per capita, Atlas method (current US$)"	NY.GNP.PCAP.CD																							8310	8730	9210	8090	7450	7830	7570	7310	7220	9800	9880	10030	9680	10380	10790	10310	10070	9870	10940	11500	12100	12950	14580	16550	17890	19660	20860	18830	18970	18440	19910	21710	21010	22660		
"Bahamas, The"	BHS	"GNI per capita, Atlas method (current US$)"	NY.GNP.PCAP.CD			1550	1650	1760	1900	2040	2230	2450	2760	2920	3110	3190	3740	3840	4640	3120	3360	3720	5200	6050	5790	6360	6640	7700	8510	9400	10790	11710	12430	11860	11320	11550	11310	11600	14260	15940	13660	15790	19020	20330	20870	21230	21650	22780	23510	23610	23860	23790	22270	21660	21330	23580	25060	26780	26130	26490	
Bosnia and Herzegovina	BIH	"GNI per capita, Atlas method (current US$)"	NY.GNP.PCAP.CD																																					760	1010	1320	1390	1480	1600	1760	2040	2550	3110	3440	3910	4720	4960	4930	4970	4930	5180	5170	5050	4940	
Belarus	BLR	"GNI per capita, Atlas method (current US$)"	NY.GNP.PCAP.CD																																	1770	1580	1460	1370	1450	1530	1550	1400	1380	1300	1380	1630	2180	2820	3510	4310	5470	5590	6080	6210	6620	7010	7600	6720	5600	
Belize	BLZ	"GNI per capita, Atlas method (current US$)"	NY.GNP.PCAP.CD			330	340	350	370	390	420	420	420	420	450	520	600	730	840	800	850	930	1120	1430	1420	1270	1130	1110	1180	1350	1580	1830	2040	2210	2380	2670	2790	2780	2860	2880	2890	2780	2880	3150	3140	3230	3450	3590	3680	3780	3740	3940	4070	3910	4140	4260	4330	4390	4510	4360	
Bermuda	BMU	"GNI per capita, Atlas method (current US$)"	NY.GNP.PCAP.CD			2170	2160	2360	2460	2830	3210	3240	3340	3570	4010	4550	5430	6490	7570	8290	8960	9680	10700	12790	14120	13710	14820	16510	17870	21170	24040	26620	26500	27060	27400	29000	30890	31730	34290												117640	120490	111580	110440	107530	106080	106140				
Bolivia	BOL	"GNI per capita, Atlas method (current US$)"	NY.GNP.PCAP.CD											240	250	290	310	390	490	580	620	700	810	870	1030	860	870	850	820	740	720	710	720	720	740	770	800	820	850	910	960	1000	980	990	960	930	920	970	1030	1120	1240	1490	1640	1810	2010	2280	2620	2870	3000	3070	
Brazil	BRA	"GNI per capita, Atlas method (current US$)"	NY.GNP.PCAP.CD			240	250	270	280	280	310	370	410	450	500	590	760	980	1180	1360	1490	1670	1960	2190	2090	2010	1720	1620	1570	1800	2050	2260	2760	2730	3270	3160	3080	3020	3690	4480	5040	4830	4110	3860	3290	3060	2940	3300	3940	4750	6030	7400	8070	9610	11010	12280	12730	12020	10080	8840	
Barbados	BRB	"GNI per capita, Atlas method (current US$)"	NY.GNP.PCAP.CD																																	7500	7690	8060	8480	8950	9360	9740	10170	11160	11020	11070	11780	12700	13640	14560	15560	16010	15580	15740	15320	15960	15920	15670	15310	15210	
Brunei Darussalam	BRN	"GNI per capita, Atlas method (current US$)"	NY.GNP.PCAP.CD																														12080	12460	13580	15160	15030	15080	15680	16210	16210	14420	14040	14680	16070	17130	17800	19980	23080	27580	30930	34160	32470	33300	35490	42290	45180	42930	38590	32860	
Bhutan	BTN	"GNI per capita, Atlas method (current US$)"	NY.GNP.PCAP.CD																							290	270	300	300	350	490	540	560	580	500	480	450	490	510	560	600	570	610	770	810	850	940	1060	1210	1330	1620	1730	1810	1970	2150	2290	2300	2330	2340	2510	
Botswana	BWA	"GNI per capita, Atlas method (current US$)"	NY.GNP.PCAP.CD			70	80	80	90	90	90	110	130	150	180	230	310	390	470	490	520	620	800	1000	1200	1160	1050	970	960	1040	1220	1830	2160	2540	2870	3060	3110	2770	3060	2980	3120	3030	2990	3020	3110	2800	3240	3790	4790	5300	5620	5650	5260	5570	6630	7310	7580	7350	6680	6750	
Central African Republic	CAF	"GNI per capita, Atlas method (current US$)"	NY.GNP.PCAP.CD			80	80	80	90	90	100	100	110	110	110	120	140	160	180	200	230	270	300	340	340	330	260	260	280	330	400	470	460	460	460	450	430	360	340	290	290	270	270	250	250	250	250	300	330	350	370	410	450	470	480	500	330	340	360	370	
Canada	CAN	"GNI per capita, Atlas method (current US$)"	NY.GNP.PCAP.CD			2340	2360	2470	2670	2920	3080	3370	3680	3970	4390	5050	6060	7190	7990	8690	9040	9700	10550	11530	12300	11810	12100	13050	13830	14450	16200	18480	19710	20480	20800	21220	21080	20740	20740	20700	21200	20760	21300	22610	22980	23490	25360	29370	34120	37780	41420	44810	43110	44370	47060	50900	52620	51760	47270	43680	
Central Europe and the Baltics	CEB	"GNI per capita, Atlas method (current US$)"	NY.GNP.PCAP.CD																																	2226.812143	2422.20619	2717.29023	3134.932118	3578.295741	3800.0112	3854.695432	3897.744884	4089.916957	4164.516811	4419.426837	5191.50422	6379.1552	7735.94305	8867.543688	10319.98357	12326.2367	12648.96501	12741.41853	12917.64495	13083.68776	13425.69939	13547.05771	13176.76488	12735.77848	
Switzerland	CHE	"GNI per capita, Atlas method (current US$)"	NY.GNP.PCAP.CD																							19100	17730	17960	18060	20340	25630	33620	35220	36900	37510	40880	40780	41860	45400	48360	48110	44990	43150	43460	40940	39710	45560	53790	61540	63830	62580	62940	70220	77360	79200	84500	88460	86200	84570	81240	
Channel Islands	CHI	"GNI per capita, Atlas method (current US$)"	NY.GNP.PCAP.CD																																									42430	41270	40370	42770	49540	55320	59810	65430										
Chile	CHL	"GNI per capita, Atlas method (current US$)"	NY.GNP.PCAP.CD			610	660	700	700	780	790	810	850	900	1080	1170	1380	1680	1170	1030	1080	1380	1810	2340	2820	2300	1840	1600	1440	1480	1670	1940	2200	2350	2610	3130	3460	3750	4450	5100	5620	5520	5150	5090	4830	4560	4520	5200	6220	7350	8700	10080	9980	10780	12380	14410	15360	15140	14340	13540	
China	CHN	"GNI per capita, Atlas method (current US$)"	NY.GNP.PCAP.CD			70	80	90	100	110	100	90	110	120	130	130	160	180	200	190	190	200	210	220	220	220	220	250	290	310	320	330	320	330	350	390	420	470	540	650	750	800	860	940	1010	1110	1280	1510	1760	2060	2510	3100	3690	4340	5060	5940	6800	7520	7950	8250	
Cote d'Ivoire	CIV	"GNI per capita, Atlas method (current US$)"	NY.GNP.PCAP.CD			160	180	210	210	230	230	260	280	290	300	310	370	460	580	660	760	920	1100	1120	1100	930	690	640	620	710	790	890	810	750	730	760	730	670	680	710	750	750	720	640	590	560	610	770	930	940	970	1080	1170	1200	1130	1240	1340	1460	1490	1520	
Cameroon	CMR	"GNI per capita, Atlas method (current US$)"	NY.GNP.PCAP.CD								110	130	160	170	170	190	210	280	350	340	340	520	630	630	840	850	780	780	800	930	1040	1130	1080	950	890	900	940	900	850	750	730	720	720	680	650	640	740	920	1020	1080	1130	1260	1340	1350	1380	1390	1450	1510	1470	1400	
"Congo, Dem. Rep."	COD	"GNI per capita, Atlas method (current US$)"	NY.GNP.PCAP.CD			230	270	230	230	220	220	220	230	250	270	290	360	430	460	430	460	510	610	650	570	490	420	350	270	270	250	260	250	240	220	210	200	160	150	130	120	120	110	130	140	190	170	190	210	230	250	280				350	370	410	430	430	
"Congo, Rep."	COG	"GNI per capita, Atlas method (current US$)"	NY.GNP.PCAP.CD			140	140	150	160	170	180	200	210	210	230	260	330	410	480	470	430	470	590	800	1050	1180	1040	1030	960	940	1020	900	910	900	930	1030	770	660	420	450	570	560	480	550	610	650	670	750	930	1150	1320	1740	1840	2070	2060	2330	2430	2520	2350	1710	
Colombia	COL	"GNI per capita, Atlas method (current US$)"	NY.GNP.PCAP.CD			270	280	300	300	310	290	300	310	320	340	380	450	530	580	610	670	830	1030	1220	1310	1280	1240	1240	1170	1190	1210	1260	1220	1220	1190	1280	1390	1740	2140	2470	2590	2510	2280	2320	2300	2330	2340	2580	2920	3430	4070	4660	5090	5540	6180	7140	7760	7970	7130	6310	
Comoros	COM	"GNI per capita, Atlas method (current US$)"	NY.GNP.PCAP.CD																							390	340	320	320	360	450	550	540	570	550	640	630	510	490	460	460	420	410	420	410	390	460	550	630	660	680	730	780	790	800	810	830	830	790	770	
Cabo Verde	CPV	"GNI per capita, Atlas method (current US$)"	NY.GNP.PCAP.CD																							500	460	440	450	510	640	830	890	890	900	1030	1180	1290	1400	1330	1340	1310	1350	1380	1320	1270	1490	1860	2110	2240	2750	3230	3410	3330	3450	3380	3440	3310	3150	2970	
Costa Rica	CRI	"GNI per capita, Atlas method (current US$)"	NY.GNP.PCAP.CD			360	350	340	370	390	410	440	470	520	570	630	760	880	970	1040	1240	1480	1740	1950	1420	1020	1020	1280	1560	1820	2070	2190	2210	2320	2350	2580	2740	2980	3170	3230	3330	3360	3140	3580	3690	3780	4040	4390	4650	5060	5690	6420	6540	7230	8060	9210	9810	10200	10570	10840	
Caribbean small states	CSS	"GNI per capita, Atlas method (current US$)"	NY.GNP.PCAP.CD									682.1607483	714.4606138	767.0505018	810.6424732	967.1573693	1072.68192	1262.136514	1591.328213	1612.801499	1728.847472	1903.808082	2076.107208	2318.648325	2640.811168	2868.36149	2700.459071	2636.03199	2605.173679	2522.66348	2591.939433	2756.629155	2789.076019	2789.695766	2771.004453	2809.442674	2865.175533	2939.122682	3251.793323	3541.325891	3630.577422	3845.412403	4208.602822	4556.180455	4671.831607	4884.048641	5341.574886	5941.458996	6484.144567	7205.31336	7856.741745	8655.413356	8309.608516	8419.73837	8255.561407	8900.55259	9465.58357	9485.166463	9355.834988	8965.953332	
Cuba	CUB	"GNI per capita, Atlas method (current US$)"	NY.GNP.PCAP.CD													850	1040	1240	1500	1550	1600	1790	2000	2150	2430	2340	2180	2310	2310	2390	2490	2780	2750	2660	2340	2130	1870	2140	2550	2700	2500	2230	2390	2610	2750	2820	3090	3480	3950	4510	4970	5420	5480	5560	5870	6210	6570				
Curacao	CUW	"GNI per capita, Atlas method (current US$)"	NY.GNP.PCAP.CD																																																										
Cayman Islands	CYM	"GNI per capita, Atlas method (current US$)"	NY.GNP.PCAP.CD																																																										
Cyprus	CYP	"GNI per capita, Atlas method (current US$)"	NY.GNP.PCAP.CD																		1530	1820	2410	3410	4070	4510	4220	4360	4480	5090	6450	8090	8770	9510	9670	11230	11190	11900	13140	14160	14580	15800	14780	14860	14690	14980	17130	20920	24450	26290	29030	32090	32560	31330	31500	28950	27050	26560	26210	24320	
Czech Republic	CZE	"GNI per capita, Atlas method (current US$)"	NY.GNP.PCAP.CD																																	3330	3470	4130	5090	5930	6120	6070	6070	6310	6310	6620	8050	10220	12390	13930	15740	18300	18650	19210	19420	19350	19270	18790	18130	17530	
Germany	DEU	"GNI per capita, Atlas method (current US$)"	NY.GNP.PCAP.CD													3610	4680	5800	6730	7140	7680	8880	11070	13030	12560	11140	10040	9890	9850	11260	14260	18650	19790	21340	22920	25860	25990	27530	29560	30910	30200	27990	26880	26210	24790	23710	26230	31730	35880	38370	40700	43870	43810	44790	47360	46710	47410	47710	45790	43940	
Djibouti	DJI	"GNI per capita, Atlas method (current US$)"	NY.GNP.PCAP.CD																																	810	790	800	810	790	770	740	750	770	780	800	890	980	1030												
Dominica	DMA	"GNI per capita, Atlas method (current US$)"	NY.GNP.PCAP.CD																				570	780	950	980	980	1090	1170	1460	1750	2090	2100	2300	2390	2590	2750	2830	2980	3080	3190	3360	3340	3600	4150	4360	4810	5080	5130	5470	5740	6320	6490	6670	6840	6750	6610	6890	6760	7110	
Denmark	DNK	"GNI per capita, Atlas method (current US$)"	NY.GNP.PCAP.CD											3300	3680	4340	5630	6850	8150	9040	9860	11260	13670	15220	14300	12970	11800	11610	11940	14180	17900	22300	23240	24570	25750	28930	28800	30600	32820	35030	35320	33580	33130	32660	31440	30870	34850	42770	49610	53540	55740	60390	60090	61220	61990	61650	63200	63530	60300	57020	
Dominican Republic	DOM	"GNI per capita, Atlas method (current US$)"	NY.GNP.PCAP.CD			220	240	260	230	250	250	250	280	340	370	430	520	610	710	780	830	890	1030	1160	1230	1240	1260	1360	1040	1000	930	910	900	870	1030	1320	1580	1700	1910	2140	2300	2380	2470	2630	2650	2810	2590	2480	2910	3470	4270	4620	4850	5230	5410	5660	5850	6110	6240	6390	
Algeria	DZA	"GNI per capita, Atlas method (current US$)"	NY.GNP.PCAP.CD			190	230	240	240	230	250	280	310	330	310	430	530	710	910	1050	1140	1350	1670	2010	2220	2280	2210	2260	2390	2590	2810	2750	2540	2360	1990	1890	1720	1610	1550	1510	1500	1530	1530	1590	1660	1720	1920	2240	2700	3090	3580	4200	4270	4460	4580	5140	5480	5470	4800	4220	
East Asia & Pacific (excluding high income)	EAP	"GNI per capita, Atlas method (current US$)"	NY.GNP.PCAP.CD			71.41260365	77.68519847	86.36233741	97.85098628	105.8688831	99.85231361	96.67430704	108.3210563	121.3262296	124.6377206	131.669444	159.0449551	186.1519667	216.5800448	211.800481	225.2539748	239.2211923	263.9596702	291.5961941	308.5634304	308.0117283	304.0666697	322.1926588	344.7219714	366.1112093	382.4850249	402.029549	403.7291483	419.15556	449.3729623	498.9472747	541.8858197	608.3732509	699.7944528	814.1092366	882.534281	828.6453363	852.8053986	914.2478627	985.834975	1067.198177	1212.164573	1425.480246	1639.054333	1896.193153	2277.373954	2773.803159	3223.503034	3781.164074	4362.155336	5090.277021	5729.058861	6224.531377	6475.639581	6666.947559	
Early-demographic dividend	EAR	"GNI per capita, Atlas method (current US$)"	NY.GNP.PCAP.CD								190.157322	196.383361	210.0854597	221.3196037	233.5333236	249.7403465	297.7481454	381.0414269	459.8166666	506.622659	521.2330137	556.8954593	648.3068174	768.9923795	865.2803474	837.8904779	781.6123156	753.1319032	749.7051476	772.807637	810.0179628	840.6331566	813.8004062	845.5683637	883.1597871	973.0585883	1026.891585	1077.372136	1093.648921	1140.800712	1176.655102	1144.899827	1158.071082	1221.536722	1237.592721	1204.333392	1283.190069	1466.045147	1689.498693	1892.560558	2158.725055	2418.122904	2502.115402	2739.648455	2982.298197	3267.550194	3399.982811	3423.903601	3337.44577	3282.369043	
East Asia & Pacific	EAS	"GNI per capita, Atlas method (current US$)"	NY.GNP.PCAP.CD			142.2476462	155.6143714	174.1411423	192.8425539	212.039375	222.9641442	242.0536887	275.4580932	301.7755366	331.1101375	390.9759258	496.9784745	602.35972	702.8963893	728.7903676	788.5173347	931.2312981	1130.084919	1282.912833	1333.902082	1286.738635	1249.591678	1289.005314	1382.856546	1584.621685	1926.951241	2465.791007	2651.469778	2762.199056	2867.72549	3064.564057	3325.276394	3641.463764	4100.425215	4305.920585	4177.681096	3659.892279	3622.771724	3833.668426	3918.047211	3872.050603	4052.597298	4556.494968	4985.707299	5272.459291	5643.215401	6152.488131	6508.583259	7335.661369	8133.395715	9091.933177	9697.302029	9916.124941	9790.687058	9848.468049	
Europe & Central Asia (excluding high income)	ECA	"GNI per capita, Atlas method (current US$)"	NY.GNP.PCAP.CD																																2344.448382	2216.333143	2130.903649	1911.290039	1942.224626	1953.77658	2025.800481	1871.826034	1736.673268	1822.401489	1740.934402	1899.576826	2247.140538	2947.489165	3791.995692	4691.54102	5819.929127	7101.068483	6996.225143	7493.207203	8140.064062	9272.561271	10206.45887	10132.24464	8795.677384	7694.311646	
Europe & Central Asia	ECS	"GNI per capita, Atlas method (current US$)"	NY.GNP.PCAP.CD													1733.189876	2194.92867	2674.826656	3082.277873	3258.366996	3475.301139	3927.785695	4856.262525	5812.964978	5842.754964	5351.571882	4789.000564	4619.581986	4604.823418	5264.287766	6651.009171	8528.362089	9107.801676	9778.500317	10394.23204	11464.68472	11283.90238	11478.02765	11966.64922	12686.30216	12927.70546	12537.30977	12409.46943	12501.51047	12086.25443	12018.36882	13602.48969	16564.70011	19210.64647	20813.90698	22565.30119	24535.09205	24248.80079	24465.16219	24919.62986	25201.80814	25886.44619	25883.59165	24488.78225	23140.10237	
Ecuador	ECU	"GNI per capita, Atlas method (current US$)"	NY.GNP.PCAP.CD			210	210	220	280	340	460	470	500	520	510	510	600	830	1090	1290	1370	1560	1830	2140	2480	2430	2140	1930	1830	1780	1640	1530	1390	1370	1480	1600	1670	1820	1970	2080	2190	2170	1790	1540	1550	1740	2130	2560	2900	3120	3330	3880	4090	4410	4900	5410	5830	6130	6000	5800	
"Egypt, Arab Rep."	EGY	"GNI per capita, Atlas method (current US$)"	NY.GNP.PCAP.CD								170	180	200	220	230	250	270	280	310	340	380	380	410	490	520	540	540	560	590	630	770	790	760	740	710	720	720	800	900	1000	1110	1180	1290	1390	1410	1330	1260	1200	1210	1300	1510	1810	2090	2330	2520	2790	2990	3180	3310	3410	
Euro area	EMU	"GNI per capita, Atlas method (current US$)"	NY.GNP.PCAP.CD			1093.503081	1195.389668	1317.259139	1454.813545	1594.336956	1729.251155	1882.447562	2067.319925	2260.334464	2483.505624	2891.089525	3709.318357	4596.67655	5305.415496	5628.215526	6044.366367	6867.688186	8519.32633	10224.02071	10126.39969	9174.783202	8179.794152	7952.091068	7960.907857	9184.766314	11732.7372	15244.52804	16347.63708	17624.99291	18883.9263	21200.82449	20871.34236	21410.42017	22547.42105	23813.06557	23790.77989	22747.96317	22339.7402	22139.82735	21207.27196	20688.91688	23316.93078	28344.6648	32471.91697	34626.38117	36817.35351	39622.34338	39656.66131	39827.64574	40312.57551	39235.37383	39392.0827	39235.68629	37579.81274	36085.5509	
Eritrea	ERI	"GNI per capita, Atlas method (current US$)"	NY.GNP.PCAP.CD																																			190	190	210	220	220	210	210	210	210	210	240	280	290	300	300	350	410	520						
Spain	ESP	"GNI per capita, Atlas method (current US$)"	NY.GNP.PCAP.CD			500	570	640	730	840	930	1010	1110	1170	1310	1590	2090	2740	3250	3440	3650	4040	5010	6220	6320	5690	4860	4590	4560	5410	7110	9420	10710	12220	13710	15620	15030	14490	14840	15580	15830	15460	15480	15790	15540	15580	18060	22120	25930	27970	29920	32450	32770	32130	31150	29760	29400	29300	28420	27580	
Estonia	EST	"GNI per capita, Atlas method (current US$)"	NY.GNP.PCAP.CD																																									4150	4320	4620	5710	7480	9710	11500	13500	15070	14470	14540	15870	16900	18240	18840	18300	17760	
Ethiopia	ETH	"GNI per capita, Atlas method (current US$)"	NY.GNP.PCAP.CD																								210	200	190	230	280	270	250	260	250	220	210	160	150	150	140	130	120	120	130	120	110	130	160	180	220	280	340	380	390	410	470	550	600	660	
European Union	EUU	"GNI per capita, Atlas method (current US$)"	NY.GNP.PCAP.CD											1953.629109	2151.925922	2501.555326	3178.780506	3871.811827	4453.043729	4702.557271	5024.144419	5698.947633	7075.611041	8521.671962	8582.482343	7891.153236	7067.412964	6826.528107	6819.420113	7833.510362	9949.926852	12850.72932	13781.91514	14825.59493	15817.0121	17713.48818	17458.86112	17946.35143	18721.22561	19912.23547	20260.29905	19753.17607	19653.23594	19731.06611	19078.92105	18831.58483	21216.75094	25681.46127	29482.06146	31521.97178	33693.47839	36155.77165	35657.61085	35555.98175	35865.47612	35315.16601	35708.17771	35831.75	34602.28552	33291.16377	
Fragile and conflict affected situations	FCS	"GNI per capita, Atlas method (current US$)"	NY.GNP.PCAP.CD																																											548.0383279	556.6785622	627.6025388	729.4714253	815.2308632	949.5731228	1147.497332	1263.17381	1373.439678	1323.465238	1519.819808	1601.604191	1679.236334	1592.096801	1525.62742	
Finland	FIN	"GNI per capita, Atlas method (current US$)"	NY.GNP.PCAP.CD			1370	1470	1620	1810	1970	2060	2090	2270	2470	2690	3170	4030	5130	6320	6840	7190	7910	9540	11450	11980	11700	10840	10790	11130	13010	16480	21540	24110	26000	25090	24170	20680	20170	22030	24970	26650	25790	26040	26420	25780	25510	28680	35200	40100	42740	46040	49920	48590	49330	49910	48670	49220	48990	46530	45050	
Fiji	FJI	"GNI per capita, Atlas method (current US$)"	NY.GNP.PCAP.CD			280	290	300	290	300	340	350	350	400	440	530	720	930	1120	1220	1300	1360	1660	1870	2040	1800	1580	1660	1580	1790	1770	1790	1790	1790	1790	1990	2090	2230	2460	2660	2580	2300	2350	2230	2140	2170	2420	3030	3590	3630	3830	4020	3870	3650	3760	4100	4640	4760	4780	4780	
France	FRA	"GNI per capita, Atlas method (current US$)"	NY.GNP.PCAP.CD			1560	1700	1880	2040	2210	2370	2560	2820	3010	3240	3670	4690	5780	6700	7120	7790	8810	10810	13080	13200	12060	10470	9840	9800	11350	14490	18540	19510	20660	21550	24010	23760	24550	25910	27270	27090	25970	25560	25150	23940	23180	26020	31500	36000	37960	40250	43510	43760	43790	44220	43020	43380	42950	40730	38720	
Faroe Islands	FRO	"GNI per capita, Atlas method (current US$)"	NY.GNP.PCAP.CD																																																										
"Micronesia, Fed. Sts."	FSM	"GNI per capita, Atlas method (current US$)"	NY.GNP.PCAP.CD																																		2120	2130	2210	2150	2110	2010	2060	2210	2250	2270	2380	2440	2550	2550	2550	2570	2790	2880	3070	3180	3230	3240	3640	3550	
Gabon	GAB	"GNI per capita, Atlas method (current US$)"	NY.GNP.PCAP.CD			340	410	340	360	420	440	460	530	570	610	680	900	1690	2860	4430	3990	3070	3500	4580	5270	4820	4250	4290	3850	3830	3410	4140	4560	4810	5160	5110	4420	4130	3900	4100	4270	3940	3280	3090	3410	3580	3840	4270	5460	5680	6510	7220	7490	7750	8040	9040	9330	9360	8010	7210	
United Kingdom	GBR	"GNI per capita, Atlas method (current US$)"	NY.GNP.PCAP.CD											2440	2720	3150	3840	4290	4800	4930	5140	5840	7450	9380	10480	10470	9690	9110	9000	10070	12480	15880	17080	18250	19060	21110	21000	21520	20820	22490	24930	26400	27720	28880	28630	28900	31990	37690	42770	45000	47760	48420	43940	41380	40620	41200	42340	43740	43720	42360	
Georgia	GEO	"GNI per capita, Atlas method (current US$)"	NY.GNP.PCAP.CD																																	750	540	510	540	650	790	820	780	750	720	770	910	1120	1410	1790	2240	2670	2810	3000	3300	3870	4240	4490	4120	3830	
Ghana	GHA	"GNI per capita, Atlas method (current US$)"	NY.GNP.PCAP.CD			190	200	210	230	250	250	230	230	250	270	260	280	320	310	290	310	360	390	430	420	360	320	340	350	400	420	440	410	400	420	440	420	380	380	380	400	390	400	340	300	280	320	390	470	600	800	1160	1200	1250	1400	1560	1730	1580	1470	1380	
Gibraltar	GIB	"GNI per capita, Atlas method (current US$)"	NY.GNP.PCAP.CD																																																										
Guinea	GIN	"GNI per capita, Atlas method (current US$)"	NY.GNP.PCAP.CD																													430	420	430	430	460	470	460	470	470	470	430	420	380	340	330	320	350	340	350	420	550	600	620	610	630	650	680	690	670	
"Gambia, The"	GMB	"GNI per capita, Atlas method (current US$)"	NY.GNP.PCAP.CD									110	110	110	120	120	150	190	240	240	250	280	330	400	410	350	320	300	310	310	330	310	310	320	410	550	750	730	740	750	730	710	680	670	600	480	420	420	410	420	460	530	570	580	510	510	500	460	440	430	
Guinea-Bissau	GNB	"GNI per capita, Atlas method (current US$)"	NY.GNP.PCAP.CD													120	130	150	160	150	140	160	170	140	180	190	180	180	190	160	170	180	200	220	230	230	220	210	210	230	230	150	160	200	240	290	320	370	420	430	450	500	550	570	620	610	620	640	620	600	
Equatorial Guinea	GNQ	"GNI per capita, Atlas method (current US$)"	NY.GNP.PCAP.CD																							120	120	130	150	160	210	240	230	260	260	370	360	260	250	350	860	690	800	760	890	1250	1180	1700	3850	8030	11490	14130	12430	9890	11440	13760	13630	12850	9510	7180	
Greece	GRC	"GNI per capita, Atlas method (current US$)"	NY.GNP.PCAP.CD			630	710	790	890	980	1070	1180	1330	1500	1700	2000	2490	2850	3480	3750	3940	4600	5650	6500	6370	5910	5280	5140	5010	5360	6130	7590	8310	8970	9850	11200	11140	11610	12410	13430	14100	13810	13380	13330	13070	13150	15700	19580	22760	24550	26350	28660	29330	27660	24930	23500	22540	21990	20270	19050	
Grenada	GRD	"GNI per capita, Atlas method (current US$)"	NY.GNP.PCAP.CD																				1150	1300	1310	1300	1280	1340	1500	1790	2200	2490	2680	2840	3040	3140	3110	3210	3320	3500	3670	4020	4360	4660	4570	4720	5370	5440	6760	6530	6940	7370	6810	7050	7180	7160	7510	8160	8700	9100	
Greenland	GRL	"GNI per capita, Atlas method (current US$)"	NY.GNP.PCAP.CD													1890	2440	3130	3800	4330	5140	6160	7550	9270	9100	8020	7270	6740	7060	8540	11470	15170	16970	15690	16510	17440	16600	17830	19470	20780	20540	20440	19740	20290	19390	18760	21250	26510	30500	30080	34260										
Guatemala	GTM	"GNI per capita, Atlas method (current US$)"	NY.GNP.PCAP.CD			250	270	280	280	290	290	310	320	340	350	380	430	510	580	650	750	870	1020	1140	1180	1110	1060	1080	1110	1030	980	950	950	920	950	1010	1120	1210	1340	1430	1520	1600	1640	1660	1600	1620	1690	1860	2010	2160	2370	2570	2610	2700	2850	3090	3310	3450	3610	3790	
Guam	GUM	"GNI per capita, Atlas method (current US$)"	NY.GNP.PCAP.CD																																																										
Guyana	GUY	"GNI per capita, Atlas method (current US$)"	NY.GNP.PCAP.CD			280	250	280	310	320	340	330	350	360	380	390	430	540	680	660	610	620	670	760	740	590	510	470	500	520	460	470	360	380	380	420	480	590	700	830	880	850	870	870	860	870	910	930	1050	1410	1860	2460	2730	2910	3240	3620	3890	4040	4060	4240	
High income	HIC	"GNI per capita, Atlas method (current US$)"	NY.GNP.PCAP.CD			1553.196002	1642.325445	1764.07479	1912.156524	2083.934722	2214.319693	2426.776881	2636.67047	2828.000371	3076.955699	3515.307129	4297.964736	5020.560024	5615.815016	5973.27972	6403.097771	7300.977068	8738.816607	10078.54523	10498.1609	9991.353525	9586.533547	9949.919297	10421.88441	11725.04925	14018.34171	17054.35042	17992.91889	18828.3182	19569.78691	21246.46761	21750.58084	22825.75427	24302.70108	25453.98818	25592.90075	24637.61793	24926.52252	25956.22676	25918.27562	25752.5194	27756.34544	31677.7454	34877.56987	36607.9237	38003.7189	39628.77618	38911.72904	39871.94875	41175.16505	42497.12119	43272.92469	43353.96988	42084.40533	41150.12164	
"Hong Kong SAR, China"	HKG	"GNI per capita, Atlas method (current US$)"	NY.GNP.PCAP.CD				570	630	700	710	710	740	840	930	1060	1300	1750	2150	2450	2900	3340	3930	4700	5730	6360	6290	5890	6170	6090	7230	9080	10770	11550	12660	14320	16560	19560	21820	23570	24140	26080	25110	25800	26930	26350	25270	26340	28120	28890	30290	32070	33950	32350	33620	35690	36340	38570	40240	41180	42940	
Honduras	HND	"GNI per capita, Atlas method (current US$)"	NY.GNP.PCAP.CD			180	180	190	210	220	230	250	250	260	270	280	320	360	380	410	460	540	620	680	730	690	680	720	770	820	920	950	860	690	610	600	640	620	630	650	700	720	760	880	980	1070	1130	1210	1290	1370	1500	1630	1650	1760	1900	2000	2040	2040	2090	2150	
Heavily indebted poor countries (HIPC)	HPC	"GNI per capita, Atlas method (current US$)"	NY.GNP.PCAP.CD											151.1253609	159.1323992	166.6050619	192.5304715	236.6749787	271.7760908	281.2157955	296.7346568	329.9621299	383.7327458	415.860051	426.0652322	388.5638686	338.9998092	317.8445117	309.9676432	343.8422505	392.376946	413.3827696	394.9059765	362.2836652	345.1441623	331.3638718	321.4570689	291.26495	296.5275182	304.3051835	312.4616474	306.3826898	305.332272	301.8095095	295.8304029	298.3441347	317.8750313	365.4768785	415.2671039	461.5316782	525.7876092	618.7994289	673.2927769	709.5391027	744.368595	792.7632443	809.7744405	873.1858312	869.1161536	856.0172588	
Croatia	HRV	"GNI per capita, Atlas method (current US$)"	NY.GNP.PCAP.CD																																						5470	5440	5110	5290	5190	5470	6490	8270	9870	10990	12350	13970	13810	13750	14050	13460	13470	13150	12810	12130	
Haiti	HTI	"GNI per capita, Atlas method (current US$)"	NY.GNP.PCAP.CD																																							400	450	470	440	410	370	370	400	470	550	610	680	650	700	750	800	820	810	780	
Hungary	HUN	"GNI per capita, Atlas method (current US$)"	NY.GNP.PCAP.CD																																		3700	4070	4300	4410	4460	4470	4540	4660	4820	5310	6680	8700	10440	11300	11820	13210	13280	13100	13090	12910	13430	13460	12960	12570	
IBRD only	IBD	"GNI per capita, Atlas method (current US$)"	NY.GNP.PCAP.CD			142.4250009	153.9952334	169.4209124	182.1529571	189.8229037	190.0137662	195.1389399	211.9675215	228.4345209	242.1185316	262.1137508	317.6419197	393.1833068	461.8285189	482.5463542	503.7310052	544.1181097	627.1151241	721.8776646	774.1071978	755.9628654	707.7066434	701.9811811	717.8481431	759.6917567	820.5785201	869.2196815	882.4637308	927.8283504	993.2299977	1044.067892	1083.506758	1131.458536	1217.276063	1337.321138	1424.089894	1378.159949	1352.577847	1402.929555	1413.010615	1432.107786	1559.837938	1818.813853	2129.38704	2470.347065	2944.800536	3475.382876	3739.679309	4196.264325	4674.496941	5281.389175	5713.011829	5895.931144	5739.575387	5621.595689	
IDA & IBRD total	IBT	"GNI per capita, Atlas method (current US$)"	NY.GNP.PCAP.CD			135.0120058	145.610912	158.6524379	170.2278793	177.1183673	177.5382012	182.4893285	198.3195836	214.5388875	227.3098273	245.5277398	294.3264104	365.1165793	428.6135057	449.8677066	469.4027694	506.3681583	583.432708	671.0908209	717.352744	698.4005261	648.5874481	637.0669754	647.4572125	681.5905214	735.1351808	778.2584952	785.5083689	819.2034171	868.4637106	907.6136168	934.3614319	967.3459351	1035.805295	1133.14669	1203.143755	1163.608677	1141.251071	1179.469878	1186.206725	1200.350218	1303.686438	1518.120191	1768.738647	2044.149445	2423.478336	2851.412594	3060.721621	3423.821021	3800.427637	4291.201975	4627.06398	4775.313871	4644.36089	4536.655815	
IDA total	IDA	"GNI per capita, Atlas method (current US$)"	NY.GNP.PCAP.CD														184.5991208	233.9174967	274.2741583	299.9448951	313.3196065	336.1934879	388.4665347	446.6037527	468.0321258	447.0353557	390.5841408	355.4197985	344.5783407	348.366756	373.8695997	397.2594183	383.2504281	372.3122386	363.2153064	359.9261129	341.6835105	321.4817283	329.4969271	347.2671545	362.2962301	356.8731277	356.1333106	359.1096412	364.2001068	371.3314834	399.0921108	470.0706291	527.5351926	596.0364665	674.6709792	785.275374	841.8912016	932.6605725	1017.86144	1181.929572	1260.314461	1347.820761	1339.29478	1305.242959	
IDA blend	IDB	"GNI per capita, Atlas method (current US$)"	NY.GNP.PCAP.CD			107.4299454	114.5190878	118.7978771	125.7250519	131.4010276	130.6729686	138.1405874	156.4097569	186.1281168	196.4589797	207.2485255	214.6062382	275.4740687	314.1311728	369.0343165	402.4744753	433.7408226	501.2184765	589.0296831	624.9455579	611.4705067	524.4417563	459.0543414	433.1004533	405.2161272	418.9026033	457.8732167	451.0406828	447.3281952	436.0533966	436.8055902	403.9008436	390.8554034	402.4846862	432.2863135	452.5295634	436.0550463	433.2752111	434.2106433	443.7178804	454.6015026	497.4096554	616.7999895	690.3803055	808.7668307	920.428285	1071.674483	1114.308503	1262.832628	1411.757333	1757.096291	1911.201422	2051.785067	2018.747435	1893.410761	
Indonesia	IDN	"GNI per capita, Atlas method (current US$)"	NY.GNP.PCAP.CD										70	80	80	90	110	160	220	270	300	360	400	470	530	560	530	520	500	510	510	510	530	560	610	660	740	850	990	1090	1100	660	570	580	720	790	900	1080	1220	1370	1600	1940	2140	2640	3080	3570	3730	3620	3440	3400	
IDA only	IDX	"GNI per capita, Atlas method (current US$)"	NY.GNP.PCAP.CD																								319.3446055	301.252547	298.8959459	321.3732141	354.1178402	368.6814767	350.2298529	334.9722859	327.0211384	321.5358044	311.4730983	287.0049204	293.2059187	304.6368403	317.0585207	317.7796838	318.2307429	322.4504087	325.3172458	330.6301158	350.8503126	397.310279	446.9619191	490.4321548	552.71229	643.1598431	709.1233794	769.1954268	820.3537273	886.1912057	924.1306389	983.5775443	987.9621065	1003.482134	
Isle of Man	IMN	"GNI per capita, Atlas method (current US$)"	NY.GNP.PCAP.CD																																						17760	19740	22510	23200	23680	24750	28660	35230	40840	45600	64530	73290	75560	78300	81360	85910	88840	89970	82650		
India	IND	"GNI per capita, Atlas method (current US$)"	NY.GNP.PCAP.CD			90	90	110	110	100	100	100	110	110	120	120	140	170	190	180	180	200	220	270	290	280	280	280	290	310	350	390	390	380	340	340	320	340	360	400	410	410	430	440	450	450	510	600	700	790	920	1000	1110	1220	1380	1480	1520	1560	1600	1670	
Not classified	INX	"GNI per capita, Atlas method (current US$)"	NY.GNP.PCAP.CD																																																										
Ireland	IRL	"GNI per capita, Atlas method (current US$)"	NY.GNP.PCAP.CD													2070	2540	2990	3390	3280	3580	4120	5120	6380	6780	6390	5720	5610	5630	6370	8220	10420	11100	12560	13130	14440	14600	15480	16920	18930	20610	21370	22680	24100	24100	24940	29950	37690	44610	48110	50590	51070	46910	44760	43150	41720	44240	46860	51630	52010	
"Iran, Islamic Rep."	IRN	"GNI per capita, Atlas method (current US$)"	NY.GNP.PCAP.CD						260	290	300	340	370	400	460	560	750	1120	1500	2030	2090	2010	2290	2200	2470	3120	3310	3180	3510	3690	3560	3010	2580	2550					1330	1620	1810	1800	1720	1750	1790	1880	2180	2490	2930	3450	4230	4900	5460	6140	6790	7050	6950	6470	5340	5470	
Iraq	IRQ	"GNI per capita, Atlas method (current US$)"	NY.GNP.PCAP.CD																					3930	3460	3050	2360	2540	2750	3050	3520	3710	3710	7030																2020	2510	3540	4030	4430	4810	6140	6850	6700	5960	5420	
Iceland	ISL	"GNI per capita, Atlas method (current US$)"	NY.GNP.PCAP.CD			1540	1740	2050	2440	2980	3110	2790	2490	2580	3040	3740	4960	6690	7490	7970	9010	10860	13180	15440	16240	15100	12580	11900	11930	14250	19100	23470	24210	24810	25260	26510	26100	25660	25490	27320	28450	29260	30430	31560	30710	30920	33740	42050	50750	53650	61940	50100	41960	36520	37750	40750	47080	48160	50260	56790	
Israel	ISR	"GNI per capita, Atlas method (current US$)"	NY.GNP.PCAP.CD			1320	1330	1310	1440	1470	1480	1730	1910																																																
Italy	ITA	"GNI per capita, Atlas method (current US$)"	NY.GNP.PCAP.CD			960	1060	1160	1280	1410	1550	1700	1850	2060	2250	2610	3240	3920	4310	4500	4710	5250	6720	8400	8680	8190	7600	7740	8010	9350	12120	15900	17240	18600	20300	22880	21520	20790	20610	21760	22240	22130	21900	21820	21080	20640	23270	28220	32390	34210	35820	37760	37690	37690	37680	36000	35370	34760	32970	31720	
Jamaica	JAM	"GNI per capita, Atlas method (current US$)"	NY.GNP.PCAP.CD									620	650	720	760	980	1020	1180	1370	1370	1450	1430	1300	1210	1290	1340	1330	1120	930	950	1160	1480	1680	1770	1730	1600	1760	1780	2070	2260	2480	2640	2960	3210	3200	3230	3420	3640	3780	4070	4300	4550	4300	4370	4590	4970	5020	4940	4730	4630	
Jordan	JOR	"GNI per capita, Atlas method (current US$)"	NY.GNP.PCAP.CD																		950	1200	1470	1830	1950	1920	1800	1800	1760	1930	2120	2120	1520	1280	1100	1280	1300	1340	1430	1440	1450	1480	1540	1680	1740	1790	1910	2180	2360	2540	2760	3110	3370	3470	3560	3680	3790	3870	3890	3920	
Japan	JPN	"GNI per capita, Atlas method (current US$)"	NY.GNP.PCAP.CD			610	690	800	890	1030	1200	1430	1660	1810	2100	2710	3620	4410	5120	5380	5910	7410	9400	10800	11070	10510	10180	10430	11500	13820	18020	24770	26970	27900	28630	30560	33580	37040	42130	43150	40040	34450	33780	36230	36770	34790	35070	38350	40560	39930	38740	38850	38790	43440	46880	49480	48280	43940	38780	37930	
Kazakhstan	KAZ	"GNI per capita, Atlas method (current US$)"	NY.GNP.PCAP.CD																																		1430	1310	1280	1340	1390	1390	1290	1260	1350	1520	1800	2300	2950	3860	4980	6150	6780	7440	8280	9940	11840	12090	11410	8810	
Kenya	KEN	"GNI per capita, Atlas method (current US$)"	NY.GNP.PCAP.CD			100	100	110	110	120	120	130	140	130	160	190	200	230	250	250	280	330	400	460	450	400	340	320	310	340	380	410	400	380	350	330	270	260	270	340	390	440	430	420	400	390	410	460	520	590	710	840	910	980	1010	1060	1150	1260	1310	1380	
Kyrgyz Republic	KGZ	"GNI per capita, Atlas method (current US$)"	NY.GNP.PCAP.CD																																	520	450	370	360	390	390	360	300	280	280	290	340	400	450	500	610	760	860	850	880	1040	1190	1250	1180	1100	
Cambodia	KHM	"GNI per capita, Atlas method (current US$)"	NY.GNP.PCAP.CD																																				300	310	320	290	300	300	310	320	350	400	460	520	590	670	700	750	810	880	960	1020	1070	1140	
Kiribati	KIR	"GNI per capita, Atlas method (current US$)"	NY.GNP.PCAP.CD																			870	860	690	660	790	780	590	540	520	550	640	670	720	960	1030	1020	1050	1150	1090	1340	1470	1300	1330	1340	1250	1310	1530	1730	1760	1750	1880	1880	1990	2010	2450	2840	3300	3350	2270	
St. Kitts and Nevis	KNA	"GNI per capita, Atlas method (current US$)"	NY.GNP.PCAP.CD																				1370	1690	1860	1910	1970	2190	2420	2930	3480	4160	4410	4940	4940	5340	5770	6210	6800	7150	7530	7250	7680	8630	9070	9170	9020	9970	11050	11710	12210	13940	13710	13280	13790	13710	14540	15130	15450	15690	
"Korea, Rep."	KOR	"GNI per capita, Atlas method (current US$)"	NY.GNP.PCAP.CD			120	120	130	130	140	150	190	240	280	310	340	430	550	650	800	960	1270	1670	1860	2020	2040	2150	2320	2450	2820	3480	4460	5310	6360	7440	8170	8860	9910	11600	13040	13230	10070	10160	10740	11620	12460	13350	15630	17790	19950	22420	22800	21040	21260	22540	24550	25760	26800	27250	27600	
Kuwait	KWT	"GNI per capita, Atlas method (current US$)"	NY.GNP.PCAP.CD								3650	3660	3540	3330	3540	3660	4380	6640	10090	14900	14050	15430	19240	19460	21280	18810	17730	16670	14670	16790	15420	14300	17350						20460	20810	21420	19620	16820	17930	18670	18890	22520	28100	34400	41350	47590	51790	46000	42060	43510	49950	51990	49770	40750	34890	
Latin America & Caribbean (excluding high income)	LAC	"GNI per capita, Atlas method (current US$)"	NY.GNP.PCAP.CD			370.3942132	391.3050269	422.1748799	443.5052963	464.7715926	479.0533133	515.696107	548.4103675	581.1525945	634.254868	699.8247167	859.1132837	1090.910631	1285.708808	1363.230779	1406.215545	1528.448157	1790.796339	2088.17935	2223.062287	2090.570927	1855.16376	1764.497597	1722.139661	1790.590715	1920.548397	2043.130592	2156.419965	2260.81209	2618.446165	2896.162016	3108.467431	3328.816049	3503.578005	3819.265794	4087.601539	4051.882239	3843.841112	3919.520461	3807.66435	3555.280708	3544.82281	3873.067268	4365.239722	4986.064944	5876.497374	6766.516665	6931.915474	7766.307863	8543.629791	9422.381135	9773.003305	9563.566802	8703.107748	7955.474264	
Lao PDR	LAO	"GNI per capita, Atlas method (current US$)"	NY.GNP.PCAP.CD																											550	430	250	210	190	210	250	280	310	350	380	370	310	290	280	310	320	340	390	460	510	620	750	890	1000	1150	1380	1620	1840	2000	2150	
Lebanon	LBN	"GNI per capita, Atlas method (current US$)"	NY.GNP.PCAP.CD																															1360	1780	1830	2230	2840	3610	4210	4520	4970	5330	5470	5300	4990	4460	5550	5710	5650	6250	7050	7920	8540	8610	8530	8450	8300	8050	7980	
Liberia	LBR	"GNI per capita, Atlas method (current US$)"	NY.GNP.PCAP.CD			160	160	190	200	210	220	230	240	250	260	280	290	340	370	410	430	470	520	520	500	440	360	360	360	350	360	400	290								120	130	120	150	130	120	80	90	120	130	160	180	220	250	320	340	370	370	380	370	
Libya	LBY	"GNI per capita, Atlas method (current US$)"	NY.GNP.PCAP.CD																																											5170	5170	5150	6870	8600	10410	12210	12110	12440	4730						
St. Lucia	LCA	"GNI per capita, Atlas method (current US$)"	NY.GNP.PCAP.CD																				1050	1190	1390	1460	1510	1660	1840	2230	2500	2940	3150	3280	3380	3860	3870	3960	4090	4270	4190	4330	4540	4620	4400	4420	4720	5270	5460	6200	6730	7400	7470	7430	7980	8060	8150	7890	8180	8400	
Latin America & Caribbean	LCN	"GNI per capita, Atlas method (current US$)"	NY.GNP.PCAP.CD			388.5394349	411.8449802	443.1903452	464.3970957	488.7638233	502.3905592	538.4883834	573.2101925	609.3274768	667.4704373	734.6339163	897.7936363	1132.58354	1305.637958	1373.268127	1416.908049	1548.49658	1821.928228	2132.51734	2286.618205	2143.404514	1893.647418	1799.454329	1755.13279	1825.6668	1962.599158	2093.540848	2211.325763	2315.104584	2669.049866	2958.228599	3175.859655	3401.764958	3597.584785	3926.428903	4205.278254	4172.256836	3971.380884	4049.474791	3935.346007	3680.679721	3673.68289	4025.284066	4536.104252	5173.198448	6079.260531	6986.429249	7144.049995	7976.882166	8775.59594	9695.293538	10074.15026	9869.53377	9019.31283	8272.30078	
Least developed countries: UN classification	LDC	"GNI per capita, Atlas method (current US$)"	NY.GNP.PCAP.CD																												309.9111195	323.7367846	318.5669865	308.3837471	300.0746347	278.0251274	265.6990777	242.2567404	253.3028496	264.0062706	277.6755648	276.2977673	275.8572752	281.6807095	283.8673524	289.6489355	308.9803097	354.0086613	403.2182074	451.7890867	521.8953767	611.6560353	684.3225933	740.4633636	789.5250686	856.0310983	897.144953	958.5859198	953.0315248	953.2684518	
Low income	LIC	"GNI per capita, Atlas method (current US$)"	NY.GNP.PCAP.CD																									253.5281592	240.3439115	258.0652358	281.1309581	303.8525904	296.5551217	291.3748356	284.5280968	267.1475838	255.3409486	223.5436298	221.511613	230.5207456	238.1987728	232.8787887	231.3929427	232.0084193	229.6292385	230.4088478	238.6230468	270.6136403	302.3806643	327.6609987	366.8156231	416.4290821	469.1765007	502.2659227	530.6191901	562.9768288	599.9348341	631.7074685	624.0658976	614.1411572	
Liechtenstein	LIE	"GNI per capita, Atlas method (current US$)"	NY.GNP.PCAP.CD													5120	6500	8210	10150	11190	12370	14770	18520	22620	22620	20340	18790	19030	19750	22890	31200	41550	43690	45540	47660	54450	56810	62120	70160	78650	80130	77540	78470	78620	68000	64800	68150	78350	92360	103700	111860	121650	116300								
Sri Lanka	LKA	"GNI per capita, Atlas method (current US$)"	NY.GNP.PCAP.CD				130	130	130	150	170	160	170	170	170	180	210	250	270	260	260	240	260	280	300	310	310	330	370	400	430	460	440	460	490	550	600	640	690	740	800	820	840	870	830	840	940	1060	1210	1360	1550	1800	2010	2420	2860	3360	3500	3670	3800	3850	
Lower middle income	LMC	"GNI per capita, Atlas method (current US$)"	NY.GNP.PCAP.CD									121.7250393	131.8984154	142.0381602	148.4312914	155.991927	177.6903205	217.0821859	255.4543792	270.302059	286.1627039	315.8437625	354.3667803	419.6270292	453.9558199	446.7041978	417.6887559	401.6143282	401.571918	416.6219937	454.162834	490.6847045	484.9302233	478.6931848	460.614504	466.2173884	455.7439756	472.818821	509.9489136	554.3470067	572.9175324	533.4413762	538.1398927	547.2713315	568.2602241	579.1296949	636.9057038	743.4318239	843.6286742	949.0690934	1101.231036	1261.590281	1372.944858	1533.786026	1700.900628	1910.585184	2012.074014	2074.215451	2064.945002	2077.698549	
Low & middle income	LMY	"GNI per capita, Atlas method (current US$)"	NY.GNP.PCAP.CD			132.1947143	142.545989	155.4690916	167.1410637	173.6171732	174.1059134	179.0264164	194.7103198	210.5730065	222.5841018	240.4537035	288.3655136	357.6060491	423.1267966	444.9224758	464.1979483	499.7511836	574.2727927	658.4348767	702.0477002	684.9279075	638.0996906	628.3780928	639.4456686	673.2826924	725.6035297	767.8890938	773.8735441	805.7933405	852.0984557	887.8223035	909.4653358	939.2998017	1003.192795	1094.433292	1159.103165	1118.276163	1097.186483	1134.801694	1142.955273	1157.802677	1258.72918	1467.701711	1709.556367	1975.781911	2343.326726	2755.768867	2963.307765	3324.586645	3698.207542	4183.392456	4516.913097	4666.935089	4540.981278	4440.715266	
Lesotho	LSO	"GNI per capita, Atlas method (current US$)"	NY.GNP.PCAP.CD			50	50	60	60	80	80	80	80	90	90	100	150	220	230	280	310	340	410	450	520	620	550	500	420	400	440	520	550	580	620	690	710	730	740	760	760	670	660	630	690	630	700	840	1040	1150	1310	1340	1270	1330	1420	1550	1490	1380	1320	1270	
Late-demographic dividend	LTE	"GNI per capita, Atlas method (current US$)"	NY.GNP.PCAP.CD			133.2661805	145.8226897	162.6278557	178.2943638	190.3110729	186.7426667	191.4309014	212.1914306	235.6252889	251.2993864	275.6168922	336.2530677	404.6249757	464.8175862	479.0360803	511.5723878	559.8867243	647.8253105	727.0122554	745.4392265	721.6977322	672.875655	687.2394798	713.1193237	780.3385471	849.2781907	921.4084084	997.1673956	1019.374902	1136.877718	1151.739361	1172.954053	1213.787422	1371.850704	1569.247124	1707.414382	1651.929062	1587.69272	1629.678046	1639.511958	1717.517622	1912.470699	2269.393474	2680.91493	3176.360129	3863.075437	4678.589378	5108.64344	5767.011405	6504.148537	7478.90809	8278.301017	8673.723962	8490.85609	8328.767361	
Lithuania	LTU	"GNI per capita, Atlas method (current US$)"	NY.GNP.PCAP.CD																																						2600	2860	2980	3210	3460	3830	4700	6040	7600	8820	10620	12660	12430	12430	13210	14100	15230	16020	15120	14770	
Luxembourg	LUX	"GNI per capita, Atlas method (current US$)"	NY.GNP.PCAP.CD			1630	1680	1870	1920	2020	2070	2240	2560	3040	3360	4090	5250	6910	7960	8540	9100	10680	12980	15520	15530	14970	13520	13100	13160	15650	20150	26090	28780	31590	35460	39320	40390	41680	46150	48740	50790	47230	46600	46590	45750	42740	46120	62970	74020	71780	86450	88240	71410	78440	76890	75450	75500	75280	73530	71590	
Latvia	LVA	"GNI per capita, Atlas method (current US$)"	NY.GNP.PCAP.CD																																						2720	2870	2990	3310	3600	3930	4670	5820	7360	8880	11170	13420	14000	12620	13130	13790	14900	15310	14970	14570	
"Macao SAR, China"	MAC	"GNI per capita, Atlas method (current US$)"	NY.GNP.PCAP.CD																									4760	4600	5220	6510	7480	8080	8970	9990	12560	14300	16030	17430	17490	17330	15690	14640	14710	15740	16320	17870	22260	24030	26350	34630	34420	36610	45690	55010	61410	70750	74390	64480	65130	
St. Martin (French part)	MAF	"GNI per capita, Atlas method (current US$)"	NY.GNP.PCAP.CD																																																										
Morocco	MAR	"GNI per capita, Atlas method (current US$)"	NY.GNP.PCAP.CD									220	240	250	270	290	350	440	540	580	600	650	780	970	960	940	780	730	680	770	860	1080	1100	1150	1230	1270	1220	1340	1300	1510	1460	1450	1410	1390	1390	1370	1540	1830	2060	2240	2370	2690	2880	2930	3000	2970	3080	3050	3010	2880	
Monaco	MCO	"GNI per capita, Atlas method (current US$)"	NY.GNP.PCAP.CD													15850	20160	24700	28350	29870	32490	36450	44230	52790	52490	47410	40860	38120	37590	43380	55320	71200	75280	79560	82530	91310	89570	92220	97050	101120	99630	95020	92430	90830	86420	84090	94220	113130	128440	137370	161010	186080									
Moldova	MDA	"GNI per capita, Atlas method (current US$)"	NY.GNP.PCAP.CD																																						500	460	400	370	400	460	570	730	890	1030	1160	1500	1570	1820	1990	2140	2470	2560	2230	2120	
Madagascar	MDG	"GNI per capita, Atlas method (current US$)"	NY.GNP.PCAP.CD			130	130	140	140	150	160	170	170	180	180	190	210	260	310	300	310	310	390	460	430	390	360	320	300	290	280	260	230	240	220	230	240	240	230	240	250	250	240	250	260	230	280	290	290	280	330	400	410	420	420	430	440	440	420	400	
Maldives	MDV	"GNI per capita, Atlas method (current US$)"	NY.GNP.PCAP.CD																																												5580	4720	3470	4540	4460	5390	5440	5980	8320	8240	8880	9460	9660	10380	
Middle East & North Africa	MEA	"GNI per capita, Atlas method (current US$)"	NY.GNP.PCAP.CD																																				2331.729132	2507.446233	2632.320402	2638.154843	2595.317795	2720.566977	2813.982755	2814.652566	3087.396611	3525.680286	4046.901575	4653.67706	5403.699249	6324.135887	6507.40235	6905.752579	7305.237444	8186.72289	8687.677981	8669.171556	7993.766828	7576.247146	
Mexico	MEX	"GNI per capita, Atlas method (current US$)"	NY.GNP.PCAP.CD			360	390	440	470	510	550	610	630	680	720	810	970	1190	1430	1500	1440	1550	1850	2460	3090	2760	2210	2040	2130	1940	1910	2000	2300	2760	3210	3710	4480	5220	4580	4350	4330	4650	5130	5810	6310	6650	6940	7470	7810	8370	9190	9690	8790	8940	9170	9870	10020	10190	9830	9040	
Marshall Islands	MHL	"GNI per capita, Atlas method (current US$)"	NY.GNP.PCAP.CD																																				3040	2640	2520	2530	2620	2850	2970	2970	3090	3350	3580	3610	3760	3760	3720	3790	3950	3980	4300	4500	4720	4630	
Middle income	MIC	"GNI per capita, Atlas method (current US$)"	NY.GNP.PCAP.CD			135.2928049	145.8340149	160.0521049	172.3364473	179.1695757	179.5188309	184.746286	201.1975993	217.7577612	230.2008492	248.7927638	298.5568599	370.5536932	439.1833316	462.6203576	482.9521592	520.0909481	597.2774022	685.2661896	732.2141383	715.4224027	667.68529	658.8398719	671.8355815	707.2296054	762.199798	806.440165	813.7459727	848.9156346	900.1408988	940.5976891	965.5299748	1000.844517	1071.036962	1170.201243	1240.788495	1197.86524	1176.090416	1218.148054	1228.486227	1245.982633	1357.111377	1584.909263	1849.400697	2141.95119	2545.546638	2998.76038	3226.966922	3627.312022	4043.05431	4583.3514	4956.548674	5127.203448	4994.975165	4891.348832	
"Macedonia, FYR"	MKD	"GNI per capita, Atlas method (current US$)"	NY.GNP.PCAP.CD																																	1660	1380	1330	1700	2080	2100	1910	1810	1840	1790	1820	2090	2560	2990	3310	3580	4330	4610	4700	4810	4740	5000	5200	5100	4980	
Mali	MLI	"GNI per capita, Atlas method (current US$)"	NY.GNP.PCAP.CD										60	60	70	80	90	100	120	140	160	170	220	250	240	200	170	160	180	200	240	290	290	290	320	330	320	280	270	270	280	280	290	280	300	290	350	400	460	490	540	610	670	690	730	730	770	810	790	770	
Malta	MLT	"GNI per capita, Atlas method (current US$)"	NY.GNP.PCAP.CD													1090	1260	1560	1990	2120	2320	2660	3300	4280	4670	4550	3940	3830	3690	4000	4930	6260	6910	7600	7940	8720	8570	8600	8990	9490	9890	9810	10510	10920	11160	11380	12510	14300	15660	16310	17720	19950	19520	20530	21430	21650	22790	24300	24780	24190	
Myanmar	MMR	"GNI per capita, Atlas method (current US$)"	NY.GNP.PCAP.CD																																											170	190	230	270	300	360	480	650	860	1020	1140	1230	1230	1190	1190	
Middle East & North Africa (excluding high income)	MNA	"GNI per capita, Atlas method (current US$)"	NY.GNP.PCAP.CD																																				1242.843618	1382.538342	1472.18595	1508.237667	1517.480802	1567.369107	1601.75678	1605.532615	1716.362079	1897.322115	2151.99235	2424.125119	2833.395823	3336.046446	3638.245388	3948.926611	4055.118735	4417.869457	4602.363135	4539.291561	4132.461463	4042.25943	
Montenegro	MNE	"GNI per capita, Atlas method (current US$)"	NY.GNP.PCAP.CD																																											1960	2440	3100	3660	4310	5230	6360	6650	6920	7250	7000	7330	7320	7280	7120	
Mongolia	MNG	"GNI per capita, Atlas method (current US$)"	NY.GNP.PCAP.CD																								1440	1320	1230	1350	1520	1690	1590	1430	1200	810	510	430	460	550	580	520	480	470	480	530	610	760	900	1120	1410	1800	1790	2000	2600	3660	4350	4240	3850	3590	
Northern Mariana Islands	MNP	"GNI per capita, Atlas method (current US$)"	NY.GNP.PCAP.CD																																																										
Mozambique	MOZ	"GNI per capita, Atlas method (current US$)"	NY.GNP.PCAP.CD																							290	230	230	270	330	300	240	190	180	200	180	180	160	160	200	230	260	280	280	280	250	280	310	350	370	400	440	480	460	480	520	590	620	580	480	
Mauritania	MRT	"GNI per capita, Atlas method (current US$)"	NY.GNP.PCAP.CD									190	180	190	190	190	230	320	340	350	370	380	430	480	480	440	420	400	380	400	440	490	510	480	540	610	640	580	590	650	580	550	560	520	470	470	520	590	700	840	930	1050	1080	1130	1200	1310	1410	1380	1230	1130	
Mauritius	MUS	"GNI per capita, Atlas method (current US$)"	NY.GNP.PCAP.CD																			1020	1230	1250	1280	1190	1070	1030	1060	1250	1630	2070	2230	2440	2620	2990	3120	3230	3470	3780	3900	3780	3640	3870	3900	3890	4260	5040	5420	5920	6470	7380	7720	8250	8580	9260	9790	9790	9780	9770	
Malawi	MWI	"GNI per capita, Atlas method (current US$)"	NY.GNP.PCAP.CD			50	50	50	60	60	60	60	60	60	70	80	100	120	130	130	130	160	180	190	190	180	170	170	160	150	150	160	160	180	210	200	220	160	160	170	200	200	180	150	140	170	220	290	290	300	320	360	390	430	470	440	390	350	340	320	
Malaysia	MYS	"GNI per capita, Atlas method (current US$)"	NY.GNP.PCAP.CD			240	250	270	300	320	330	340	350	370	380	440	570	750	860	920	970	1130	1450	1790	1930	1860	1810	1950	1920	1860	1960	2140	2260	2400	2560	2880	3230	3600	4050	4500	4620	3640	3380	3460	3550	3790	4160	4740	5280	5850	6780	7550	7550	8240	9040	10150	10760	11010	10450	9860	
North America	NAC	"GNI per capita, Atlas method (current US$)"	NY.GNP.PCAP.CD			3197.219433	3319.601231	3504.750559	3766.728526	4075.756895	4249.987366	4615.524771	4941.608084	5227.236847	5574.456002	6176.067598	7189.543984	7927.941107	8479.08994	8957.148966	9560.71215	10683.8786	12065.82376	13233.29143	14195.63128	14000.32122	14349.20326	15925.62138	17148.14158	18703.22693	20948.71817	23080.01919	23450.55496	23793.13318	24015.33544	25329.87852	25949.71377	27062.42651	28318.86685	29429.59093	30388.42474	31036.3973	32557.63002	34759.13195	35487.70568	36102.53219	38522.2822	42286.10418	45147.15329	47077.67082	47941.24788	48903.12608	47574.98545	48509.52556	50135.5576	52381.70504	53565.22835	55067.96337	55395.15589	55496.99593	
Namibia	NAM	"GNI per capita, Atlas method (current US$)"	NY.GNP.PCAP.CD																							2080	1920	1750	1380	1390	1660	1730	1890	2020	2170	2310	2220	2260	2420	2450	2420	2270	2130	2110	1970	1890	2160	2760	3380	3870	4150	4220	4150	4400	5020	5510	5800	5740	5280	4640	
New Caledonia	NCL	"GNI per capita, Atlas method (current US$)"	NY.GNP.PCAP.CD								1830	2160	2520	3220	3420	3780	3990	5270	6400	6440	6580	6980	6900	7980	7940	7160	5920	5480	5510	6170	8070	13270	14530	14760	15200	16070	16340	16780	18220	18240	17810	15730	14810	14020																	
Niger	NER	"GNI per capita, Atlas method (current US$)"	NY.GNP.PCAP.CD																																																										
Nigeria	NGA	"GNI per capita, Atlas method (current US$)"	NY.GNP.PCAP.CD			100	110	110	110	110	100	100	120	170	180	200	220	340	400	510	560	560	640	760	760	730	550	420	370	280	240	280	270	290	270	270	190	170	180	230	280	270	280	270	310	350	410	610	670	850	980	1160	1160	1470	1730	2480	2700	2980	2850	2450	
Nicaragua	NIC	"GNI per capita, Atlas method (current US$)"	NY.GNP.PCAP.CD																														600	370	220	240	300	450	620	880	890	890	930	970	980	970	1010	1100	1180	1210	1300	1450	1440	1530	1640	1770	1860	1940	2010	2100	
Netherlands	NLD	"GNI per capita, Atlas method (current US$)"	NY.GNP.PCAP.CD			1220	1310	1460	1700	1840	2000	2230	2480	2790	3170	3800	5000	6280	7520	8220	8960	10300	12570	14600	13790	12160	10900	10570	10180	11520	14500	18290	19240	20010	20960	23170	23680	24990	27270	29330	29380	27830	28270	28460	27020	26640	30540	37100	41950	45850	49090	52460	53520	53530	54120	52500	52330	51330	49030	46610	
Norway	NOR	"GNI per capita, Atlas method (current US$)"	NY.GNP.PCAP.CD			1610	1710	1860	2050	2240	2470	2630	2850	3120	3570	4230	5320	6750	8380	9150	9960	11110	13110	15650	16420	15750	14940	15150	15710	17550	20830	23970	25080	26510	27830	30790	30220	30860	32700	35800	37920	36110	35550	36560	38250	39900	44760	54110	63790	69980	78410	87360	87850	88440	90280	99100	104190	104860	93830	82390	
Nepal	NPL	"GNI per capita, Atlas method (current US$)"	NY.GNP.PCAP.CD			50	50	50	50	70	80	80	70	70	70	80	90	100	110	120	120	120	130	140	160	160	150	160	160	170	180	210	210	210	210	200	190	200	210	210	220	210	220	230	240	240	260	280	310	340	370	440	480	540	600	690	720	730	740	730	
Nauru	NRU	"GNI per capita, Atlas method (current US$)"	NY.GNP.PCAP.CD																																																		4580	5800	6760	9190	13330	14730	11850	10750	
New Zealand	NZL	"GNI per capita, Atlas method (current US$)"	NY.GNP.PCAP.CD																				6530	7670	8240	7860	7370	7010	6950	7860	10010	12550	13570	13640	12160	12050	12360	13410	15290	16730	17160	15790	15040	14080	13810	14170	16960	21490	25430	26390	28130	28640	29670	29680	32250	36720	39850	41530	40250	38740	
OECD members	OED	"GNI per capita, Atlas method (current US$)"	NY.GNP.PCAP.CD			1489.135741	1574.070238	1690.867975	1831.718915	1994.855672	2119.28627	2322.148188	2518.836972	2696.010827	2925.738527	3336.072	4070.147282	4743.591109	5299.474791	5599.408149	5983.404858	6813.173966	8138.193469	9370.075319	9750.645517	9256.002268	8854.053008	9170.901356	9618.364892	10784.66839	12900.92668	15682.83794	16539.16067	17326.36751	17995.40392	19497.41839	19983.22879	20953.26024	22242.92192	23235.72578	23324.78903	22504.98258	22805.37269	23801.22286	23765.46217	23638.74037	25458.10654	29059.39655	32006.18527	33578.11447	34851.39231	36303.55002	35592.21662	36430.32256	37546.86253	38648.31519	39242.55855	39269.16391	38115.51675	37201.8814	
Oman	OMN	"GNI per capita, Atlas method (current US$)"	NY.GNP.PCAP.CD								160	230	280	320	330	360	310	700	1510	2770	2720	2650	3070	3960	5480	6210	6160	6320	6560	5930	5390	5210	5660	5710	6040	6510	6280	6160	6270	6470	6810	6490	6380	7070	7920	7960	8260	9380	10620	11500	14460	17380	17700	18170	17000	19560	20580	19490	18080		
Other small states	OSS	"GNI per capita, Atlas method (current US$)"	NY.GNP.PCAP.CD																																													5690.320251	6794.611273	8231.734297	9732.907767	11053.28973	10878.14055	11367.36015	12353.30309	13544.73781	14518.57007	14630.18105	13784.78878		
Pakistan	PAK	"GNI per capita, Atlas method (current US$)"	NY.GNP.PCAP.CD			90	100	100	120	130	140	150	160	180	180	180	160	150	160	190	220	260	300	350	390	400	390	380	380	370	400	430	420	420	420	440	450	450	490	500	490	470	460	490	500	510	560	640	730	820	910	1010	1060	1080	1150	1260	1360	1390	1430	1500	
Panama	PAN	"GNI per capita, Atlas method (current US$)"	NY.GNP.PCAP.CD			490	530	550	590	630	670	710	770	810	890	960	1090	1220	1370	1350	1360	1570	1760	2200	2410	2590	2530	2530	2820	2860	3280	2740	2570	2660	2730	3020	3260	3440	3470	3560	3600	3690	3760	3910	3840	3970	4110	4510	4840	5160	5760	6540	6780	7130	8480	9530	10510	11520	11730	12140	
Peru	PER	"GNI per capita, Atlas method (current US$)"	NY.GNP.PCAP.CD			290	310	340	390	460	490	480	480	510	570	630	750	940	1100	1080	1030	880	920	1030	1180	1140	930	900	850	840	960	790	800	850	1220	1430	1570	1780	1980	2180	2310	2190	2070	2010	1940	1990	2110	2310	2570	2820	3220	3780	3940	4360	4880	5670	6270	6360	6150	5950	
Philippines	PHL	"GNI per capita, Atlas method (current US$)"	NY.GNP.PCAP.CD			220	190	170	180	200	210	220	240	220	220	220	260	320	380	420	450	500	590	700	750	740	670	570	520	540	600	660	700	720	720	770	820	920	1020	1160	1230	1200	1180	1220	1220	1180	1220	1340	1430	1540	1770	2060	2260	2470	2620	2980	3300	3470	3520	3580	
Palau	PLW	"GNI per capita, Atlas method (current US$)"	NY.GNP.PCAP.CD																																		4810	4980	5770	6360	6370	6110	6030	5690	6560	7560	7470	8470	9000	8940	9100	8830	8550	8950	9210	9630	9480	10530	11530	12330	
Papua New Guinea	PNG	"GNI per capita, Atlas method (current US$)"	NY.GNP.PCAP.CD			130	130	140	150	170	180	200	220	250	270	300	380	480	540	510	520	610	700	770	770	700	660	650	650	690	740	850	860	790	840	890	1040	1090	1000	990	900	760	660	600	530	500	490	550	670	800	1100	1450	1590	1850	2010	2380	2700	3040	2920	2680	
Poland	POL	"GNI per capita, Atlas method (current US$)"	NY.GNP.PCAP.CD																																	2040	2420	2750	3180	3770	4190	4330	4390	4660	4700	4890	5490	6260	7340	8460	9940	11970	12540	12780	12950	13300	13520	13680	13340	12680	
Pre-demographic dividend	PRE	"GNI per capita, Atlas method (current US$)"	NY.GNP.PCAP.CD																					407.6785651	396.2226485	364.7744844	293.2528765	265.95572	260.3929859	268.9995587	297.3362877	318.1053133	310.6453685	389.2168532	371.8931227	346.440149	307.0265062	276.5608588	288.555343	311.1855922	338.5059835	332.7889057	329.5976532	325.2918863	332.4592959	349.685267	387.7532648	491.3928415	559.2497498	664.5809728	785.1317182	952.845474	1022.195969	1131.025107	1229.007707	1498.105137	1596.524911	1704.415153	1617.908457	1472.149631	
Puerto Rico	PRI	"GNI per capita, Atlas method (current US$)"	NY.GNP.PCAP.CD			820	900	960	1060	1160	1240	1370	1560	1750	1910	2100	2380	2590	2660	2650	2740	2980	3390	3720	3890	3770	3670	3970	4280	4750	5350	5860	6050	5950	6300	6760	7100	7370	7820	8130	8510	8690	9590	10550	10950	11250	12170	14260	14750	15030	15860	16360	16580	16920	17670	18680	19170	19280	19430	19430	
"Korea, Dem. Peoples Rep."	PRK	"GNI per capita, Atlas method (current US$)"	NY.GNP.PCAP.CD																																																										
Portugal	PRT	"GNI per capita, Atlas method (current US$)"	NY.GNP.PCAP.CD			410	430	470	520	570	640	730	790	950	1070	1270	1700	2070	2210	2330	2430	2530	2870	3360	3430	3230	2830	2520	2530	3080	4160	5640	6320	7140	8190	9870	10100	10450	11220	12080	12350	12170	12240	12140	11800	11730	13230	16120	18550	19330	20770	22440	22840	22960	22660	21150	21340	21260	20440	19880	
Paraguay	PRY	"GNI per capita, Atlas method (current US$)"	NY.GNP.PCAP.CD																																				1680	1850	1850	1720	1560	1360	1290	1190	1050	1130	1230	1470	1820	2360	2450	2930	3260	3430	4180	4390	4210	4060	
West Bank and Gaza	PSE	"GNI per capita, Atlas method (current US$)"	NY.GNP.PCAP.CD																																					1470	1630	1780	1800	1550	1370	1190	1370	1510	1660	1570	1700	1900	2070	2320	2690	2970	3120	3180	3260	3230	
Pacific island small states	PSS	"GNI per capita, Atlas method (current US$)"	NY.GNP.PCAP.CD																								1259.608137	1306.710098	1261.797546	1396.963463	1371.776428	1410.907299	1421.263252	1439.293978	1440.794174	1578.430909	1635.106727	1735.969055	1900.269602	1995.158845	2081.599705	1940.981947	1936.088782	1850.021588	1798.923679	1778.482288	1903.110461	2246.782102	2553.224505	2628.060386	2750.577466	2907.286545	2822.650061	2805.601658	2961.843899	3276.963082	3649.05752	3739.891986	3788.045333	3697.998736	
Post-demographic dividend	PST	"GNI per capita, Atlas method (current US$)"	NY.GNP.PCAP.CD			1525.596122	1613.716919	1734.832618	1882.106028	2052.347694	2183.346614	2395.043436	2603.850887	2793.363396	3038.961588	3475.840654	4252.349779	4956.545082	5544.072067	5868.612275	6295.072038	7189.828864	8599.46778	9900.896269	10282.55951	9811.680015	9448.348712	9839.202274	10342.646	11655.58019	13996.68434	17076.19338	18018.08994	18851.8451	19572.3134	21202.35289	21685.85929	22763.71048	24292.44368	25447.23703	25575.48913	24634.64037	24962.04619	26011.91081	26012.92922	25876.02431	27920.80689	31901.37198	35133.75046	36840.11326	38183.09752	39767.98881	39113.02228	40121.94889	41430.78699	42655.06433	43372.24457	43446.4567	42202.01002	41368.87689	
French Polynesia	PYF	"GNI per capita, Atlas method (current US$)"	NY.GNP.PCAP.CD								2090	2520	2430	2400	2640	2660	3330	4600	5120	5620	5940	6820	8060	9240	9710	9240	8280	8120	8420	10350	13120	15480	15050	15390	16160	17430	17590	17690	18150	18020	17490	16890	16400	15990																	
Qatar	QAT	"GNI per capita, Atlas method (current US$)"	NY.GNP.PCAP.CD																																													35890	38280	51430	59430	67810	63730	66360	69820	75850	81810	82750	75660		
Romania	ROU	"GNI per capita, Atlas method (current US$)"	NY.GNP.PCAP.CD																																	1250	1190	1270	1500	1650	1600	1590	1620	1720	1780	1960	2330	3010	3930	4960	6520	8630	8810	8590	8610	8740	9260	9600	9530	9480	
Russian Federation	RUS	"GNI per capita, Atlas method (current US$)"	NY.GNP.PCAP.CD																																3440	3080	2920	2650	2640	2610	2650	2130	1750	1710	1780	2100	2580	3410	4450	5800	7560	9590	9230	9980	11150	13520	15200	14670	11760	9720	
Rwanda	RWA	"GNI per capita, Atlas method (current US$)"	NY.GNP.PCAP.CD			40	40	40	40	40	50	50	50	60	60	60	70	80	100	130	160	180	230	270	280	270	260	250	260	300	320	360	350	350	320	340	310	150	210	220	260	260	260	240	220	220	210	230	270	320	370	450	510	560	600	650	680	700	710	700	
South Asia	SAS	"GNI per capita, Atlas method (current US$)"	NY.GNP.PCAP.CD			85.95219021	93.13642863	103.6447607	108.4251381	104.6312616	105.8376786	103.2265426	110.6877927	117.204923	121.0446583	124.7940648	140.9949852	163.2506129	185.9739104	180.4564457	184.0187339	203.3920325	222.2542856	267.0016995	293.137647	287.2893437	282.2939459	279.9482942	289.1021631	306.9230298	342.9314147	379.9116429	377.1295048	374.0882238	346.3467644	347.7155513	333.6797534	347.316846	372.9297155	403.9383282	412.0896138	413.5012035	433.3817546	440.8907348	448.352629	454.6099933	507.4695894	590.9828019	683.5587395	759.644764	875.8482406	955.1749946	1058.919467	1160.03853	1296.933599	1405.285136	1450.947765	1494.997124	1537.409597	1611.134016	
Saudi Arabia	SAU	"GNI per capita, Atlas method (current US$)"	NY.GNP.PCAP.CD											930	1000	1150	1600	3160	4500	8000	8750	8850	11120	14200	16440	13890	11260	10080	8960	9090	7660	7590	7040	7340	8270	8450	8000	7680	7770	7990	8190	7970	7610	8110	8480	8330	9440	11000	12610	14120	15760	18420	17880	18750	20900	24050	25440	25570	23860	21720	
Sudan	SDN	"GNI per capita, Atlas method (current US$)"	NY.GNP.PCAP.CD			140	140	130	140	140	140	150	160	170	180	190	220	290	370	430	470	460	480	470	500	470	430	380	390	530	780	770	710	530	440	340	310	310	400	390	380	330	330	330	340	370	410	480	580	730	910	1110	1170	1250	1480	1720	1220	1830	2000	2140	
Senegal	SEN	"GNI per capita, Atlas method (current US$)"	NY.GNP.PCAP.CD									270	250	250	250	270	290	350	440	470	460	460	560	620	630	590	460	430	430	490	630	730	720	710	710	750	710	580	560	530	540	530	530	510	490	470	550	670	780	810	870	990	1040	1050	1020	1040	1050	1030	980	950	
Singapore	SGP	"GNI per capita, Atlas method (current US$)"	NY.GNP.PCAP.CD			490	530	500	540	590	660	750	850	960	1090	1280	1610	2090	2670	2940	3030	3390	4000	4720	5370	5680	6160	6920	7090	7320	8070	9300	10300	11450	12980	15320	17760	20780	23610	25640	27750	24010	23410	23670	21990	21760	23110	25650	28370	32080	35660	36680	37080	44790	48150	51110	54700	55720	52740	51880	
Solomon Islands	SLB	"GNI per capita, Atlas method (current US$)"	NY.GNP.PCAP.CD																																	800	750	830	900	890	1440	1320	1220	1010	930	840	830	860	890	970	960	970	820	910	1120	1510	1820	1820	1910	1880	
Sierra Leone	SLE	"GNI per capita, Atlas method (current US$)"	NY.GNP.PCAP.CD					160	160	160	150	140	150	160	170	170	190	230	250	230	220	240	310	370	360	350	300	290	240	170	180	170	210	190	170	130	160	160	180	210	200	170	150	140	150	200	270	270	280	300	360	420	440	420	420	530	650	690	550	490	
El Salvador	SLV	"GNI per capita, Atlas method (current US$)"	NY.GNP.PCAP.CD								300	300	300	310	320	350	390	440	480	530	610	710	780	760	730	690	680	700	720	760	820	870	860	900	950	1080	1210	1370	1580	1720	1850	1930	2020	2140	2210	2280	2440	2630	2830	3000	3190	3400	3320	3380	3520	3640	3750	3790	3840	3920	
San Marino	SMR	"GNI per capita, Atlas method (current US$)"	NY.GNP.PCAP.CD																																																										
Somalia	SOM	"GNI per capita, Atlas method (current US$)"	NY.GNP.PCAP.CD																																																										
Serbia	SRB	"GNI per capita, Atlas method (current US$)"	NY.GNP.PCAP.CD																																						2850	2800	2390	1530	1450	1430	2260	3070	3630	3970	4580	5650	6040	5850	5910	5700	6050	5840	5540	5310	
Sub-Saharan Africa (excluding high income)	SSA	"GNI per capita, Atlas method (current US$)"	NY.GNP.PCAP.CD			135.5696791	145.6204372	148.3656355	155.7813476	160.2381359	163.8955514	170.1451409	185.0576787	207.3395362	222.1425828	236.4267655	275.9609162	358.8658079	415.3550909	441.4270985	454.9340724	480.8599479	563.6717997	665.0473735	710.7789724	675.6960248	578.8770903	532.4277609	491.5074272	492.771729	544.0043653	617.9200183	629.7467369	602.7457494	586.0784722	563.9557733	541.6811064	520.350489	536.8693488	555.2369677	568.6798053	531.1478703	515.5704607	502.9306964	490.9375267	484.463174	528.7631396	661.9988511	800.8025428	922.0094157	1029.472497	1149.287847	1184.231327	1285.808462	1409.235998	1626.467396	1681.59187	1745.071697	1654.459435	1515.080363	
South Sudan	SSD	"GNI per capita, Atlas method (current US$)"	NY.GNP.PCAP.CD																																																			1060	920	830	990	1010	820		
Sub-Saharan Africa	SSF	"GNI per capita, Atlas method (current US$)"	NY.GNP.PCAP.CD			135.5903351	145.6429535	148.3908621	155.803667	160.2674188	163.9207856	170.1681954	185.0727351	207.3512602	222.162337	236.457439	276.0087808	358.9191575	415.4108871	441.4832027	454.9773187	480.9528357	563.8514923	665.2618054	711.0106795	675.9285176	579.1081327	532.66906	491.7944773	493.0892678	544.3890272	618.3954659	630.2915431	603.3512802	586.7009691	564.673756	542.4480327	521.1392229	537.6365272	556.0279679	569.5330793	531.9985662	516.4141718	503.760754	491.7509014	485.2249758	529.5655361	662.9620077	801.9325836	923.2754979	1030.665508	1150.340365	1185.158099	1286.719397	1410.169255	1627.474593	1682.704388	1746.220935	1655.666557	1516.35434	
Small states	SST	"GNI per capita, Atlas method (current US$)"	NY.GNP.PCAP.CD																																												4743.468166	5522.077839	6456.743171	7658.902921	8902.129644	10051.92612	9859.000444	10252.28991	10973.061	12019.07301	12892.95053	13000.88172	12356.40024		
Sao Tome and Principe	STP	"GNI per capita, Atlas method (current US$)"	NY.GNP.PCAP.CD																																												580	660	770	880	930	1020	1080	1170	1230	1270	1480	1680	1690	1720	
Suriname	SUR	"GNI per capita, Atlas method (current US$)"	NY.GNP.PCAP.CD																		1560	1920	2080	2280	2530	2480	2320	2290	2280	2340	2320	2890	2270	1430	1120	1010	980	1090	1330	1650	1870	1970	1810	1900	1390	1730	1980	2600	3200	3990	5030	6350	7000	7660	7980	8610	9030	9350	8830	6990	
Slovak Republic	SVK	"GNI per capita, Atlas method (current US$)"	NY.GNP.PCAP.CD																																				4200	5000	5400	5410	5360	5520	5710	6000	6930	9000	11320	12890	14870	17200	17050	17240	17240	17550	18140	18110	17560	16800	
Slovenia	SVN	"GNI per capita, Atlas method (current US$)"	NY.GNP.PCAP.CD																																						11300	11050	11370	11350	11000	10990	12700	15700	18440	19950	21920	24710	24400	24560	24590	23280	23070	23550	22250	21620	
Sweden	SWE	"GNI per capita, Atlas method (current US$)"	NY.GNP.PCAP.CD			2310	2490	2740	2960	3190	3460	3770	4100	4500	4890	5670	7050	8580	10160	10720	11290	12460	14790	17300	17530	15760	13550	13020	13080	15330	19360	24190	26090	27760	29110	31340	28200	27690	28070	30390	31380	31120	30910	31220	29390	28740	32480	39450	45420	48840	52010	55380	51920	53900	55660	58240	60920	61030	57760	54480	
Swaziland	SWZ	"GNI per capita, Atlas method (current US$)"	NY.GNP.PCAP.CD													290	360	450																1240	1290	1500	1520	1510	1750	1860	1880	1660	1640	1580	1610	1480	1600	2020	2870	3050	3190	3050	2980	3070	3570	3930	4010	3670	3280	2960	
Sint Maarten (Dutch part)	SXM	"GNI per capita, Atlas method (current US$)"	NY.GNP.PCAP.CD																																																										
Seychelles	SYC	"GNI per capita, Atlas method (current US$)"	NY.GNP.PCAP.CD			290	310	330	320	360	350	350	330	350	410	480	630	770	870	910	870	1170	1760	2110	2300	2290	2190	2220	2490	2740	3200	3970	4540	5030	5200	6000	6390	6530	6460	6740	7330	7320	7290	7290	7310	6850	7490	9280	11140	12580	12270	11130	10220	10190	11060	12240	13500	14100	14680	15410	
Syrian Arab Republic	SYR	"GNI per capita, Atlas method (current US$)"	NY.GNP.PCAP.CD			250	230	250	270	250	280	300	370	360	410	500	500	710	970	1090	1050	1170	1280	1570	1760	1750	1710	1650	1700	1480	1270	1190	890	910	990	1110	1070	970	900	850	850	920	890	970	1110	1210	1240	1380	1510	1640	1840										
Turks and Caicos Islands	TCA	"GNI per capita, Atlas method (current US$)"	NY.GNP.PCAP.CD																																																										
Chad	TCD	"GNI per capita, Atlas method (current US$)"	NY.GNP.PCAP.CD			110	110	110	120	120	130	130	140	140	140	150	160	190	230	220	230	240	220	240	230	210	190	180	210	210	210	270	270	270	290	330	240	220	210	200	210	220	200	180	190	190	210	340	470	530	630	700	830	910	890	960	980	980	880	720	
East Asia & Pacific (IDA & IBRD countries)	TEA	"GNI per capita, Atlas method (current US$)"	NY.GNP.PCAP.CD			72.22971409	78.56464124	87.33262328	98.94598866	107.0498104	100.9678793	97.75757382	109.5373252	122.6898328	126.0387839	133.1522682	160.8391501	188.2542876	219.0278275	214.1928315	227.7937437	241.9096856	266.9160915	294.8559702	312.0095761	311.4458119	307.4534667	325.7816197	348.5588409	370.1762498	386.7158778	406.4596229	408.1660231	423.7556619	454.3066719	504.4371596	547.8643027	615.0943275	707.5315888	823.0996247	892.2540839	837.7487128	862.1505929	924.2436151	996.6110712	1078.867782	1225.409631	1441.050964	1656.934697	1916.833115	2302.10034	2803.828185	3258.295956	3821.872375	4409.003069	5144.80771	5790.27431	6290.879003	6544.495742	6737.643471	
Europe & Central Asia (IDA & IBRD countries)	TEC	"GNI per capita, Atlas method (current US$)"	NY.GNP.PCAP.CD																																2311.682534	2185.540623	2146.404133	1979.038622	2047.748359	2113.343942	2218.140618	2089.88317	1972.690825	2072.24024	2001.268152	2162.635199	2532.354069	3237.838283	4103.19884	5021.490433	6179.773142	7525.231049	7477.463994	7948.408846	8553.044378	9616.314817	10487.90207	10431.23194	9176.900023	8109.896037	
Togo	TGO	"GNI per capita, Atlas method (current US$)"	NY.GNP.PCAP.CD			90	90	100	110	120	120	130	140	130	130	140	170	220	260	270	290	330	350	420	390	320	250	230	230	250	310	390	400	400	400	410	330	300	300	310	350	320	310	290	260	250	280	330	360	380	400	390	430	450	450	470	490	540	540	540	
Thailand	THA	"GNI per capita, Atlas method (current US$)"	NY.GNP.PCAP.CD			110	120	130	140	160	170	180	190	210	210	220	260	330	380	420	450	530	610	710	760	760	760	790	790	830	950	1160	1320	1490	1660	1880	2130	2400	2740	2950	2680	2080	1980	1980	1960	1990	2180	2530	2790	3100	3530	3980	4140	4580	4950	5520	5730	5750	5690	5640	
Tajikistan	TJK	"GNI per capita, Atlas method (current US$)"	NY.GNP.PCAP.CD																																	350	290	230	210	170	170	180	180	170	160	170	210	260	320	370	440	570	650	910	1000	1140	1310	1340	1240	1110	
Turkmenistan	TKM	"GNI per capita, Atlas method (current US$)"	NY.GNP.PCAP.CD																																		800	680	610	610	550	560	620	600	650	750	990	1310	1590	1950	2320	3040	3550	4070	4730	5560	6530	7310	7120	6670	
Latin America & the Caribbean (IDA & IBRD countries)	TLA	"GNI per capita, Atlas method (current US$)"	NY.GNP.PCAP.CD			380.9986131	403.4343493	434.1191151	454.2268641	477.5644301	490.2535151	525.0672148	557.7321224	591.9955399	648.5010922	713.8351823	874.3230051	1110.016328	1280.689246	1350.891988	1393.708232	1522.419325	1795.139049	2109.061211	2259.351446	2114.603971	1861.406982	1757.513903	1708.763438	1775.200371	1908.1732	2031.347974	2151.878665	2262.818968	2632.908992	2932.210122	3159.926708	3383.681288	3570.455917	3901.645639	4191.472446	4160.764414	3941.528537	4008.629971	3885.326107	3620.274064	3600.437718	3937.794041	4448.908068	5089.670047	6004.342296	6922.835562	7083.759278	7934.082715	8742.710184	9670.61671	10048.44006	9839.715168	8979.71149	8224.61399	
Timor-Leste	TLS	"GNI per capita, Atlas method (current US$)"	NY.GNP.PCAP.CD																																											760	660	690	840	1250	1740	2850	2220	2850	3770	4090	3570	2840	2220	2060	
Middle East & North Africa (IDA & IBRD countries)	TMN	"GNI per capita, Atlas method (current US$)"	NY.GNP.PCAP.CD																																				1241.154802	1380.992824	1469.696881	1504.331511	1513.318196	1566.794845	1603.875788	1609.850244	1719.858758	1901.265419	2157.124288	2433.51639	2846.031166	3352.132774	3656.046678	3967.543665	4070.822159	4434.659814	4619.69165	4555.203789	4142.302743	4051.453665	
Tonga	TON	"GNI per capita, Atlas method (current US$)"	NY.GNP.PCAP.CD																								690	690	720	770	860	1070	1160	1220	1350	1450	1530	1820	2010	2270	2260	2200	2100	2050	2000	1980	1990	2190	2450	2720	2850	3240	3370	3560	3760	4220	4330	4360	4280	4060	
South Asia (IDA & IBRD)	TSA	"GNI per capita, Atlas method (current US$)"	NY.GNP.PCAP.CD			85.95219021	93.13642863	103.6447607	108.4251381	104.6312616	105.8376786	103.2265426	110.6877927	117.204923	121.0446583	124.7940648	140.9949852	163.2506129	185.9739104	180.4564457	184.0187339	203.3920325	222.2542856	267.0016995	293.137647	287.2893437	282.2939459	279.9482942	289.1021631	306.9230298	342.9314147	379.9116429	377.1295048	374.0882238	346.3467644	347.7155513	333.6797534	347.316846	372.9297155	403.9383282	412.0896138	413.5012035	433.3817546	440.8907348	448.352629	454.6099933	507.4695894	590.9828019	683.5587395	759.644764	875.8482406	955.1749946	1058.919467	1160.03853	1296.933599	1405.285136	1450.947765	1494.997124	1537.409597	1611.134016	
Sub-Saharan Africa (IDA & IBRD countries)	TSS	"GNI per capita, Atlas method (current US$)"	NY.GNP.PCAP.CD			135.5903351	145.6429535	148.3908621	155.803667	160.2674188	163.9207856	170.1681954	185.0727351	207.3512602	222.162337	236.457439	276.0087808	358.9191575	415.4108871	441.4832027	454.9773187	480.9528357	563.8514923	665.2618054	711.0106795	675.9285176	579.1081327	532.66906	491.7944773	493.0892678	544.3890272	618.3954659	630.2915431	603.3512802	586.7009691	564.673756	542.4480327	521.1392229	537.6365272	556.0279679	569.5330793	531.9985662	516.4141718	503.760754	491.7509014	485.2249758	529.5655361	662.9620077	801.9325836	923.2754979	1030.665508	1150.340365	1185.158099	1286.719397	1410.169255	1627.474593	1682.704388	1746.220935	1655.666557	1516.35434	
Trinidad and Tobago	TTO	"GNI per capita, Atlas method (current US$)"	NY.GNP.PCAP.CD			640	680	730	760	760	770	790	810	830	870	1000	1200	1500	2170	2530	2810	3360	3940	4760	5930	6820	6100	5950	5890	5090	4490	3930	3630	3710	3800	4000	3840	3870	3930	4240	4500	4620	4880	5400	6070	6760	8070	9690	11210	13290	14990	17330	16190	16460	14820	16070	18100	17610	17640	16240	
Tunisia	TUN	"GNI per capita, Atlas method (current US$)"	NY.GNP.PCAP.CD								220	250	260	270	310	400	460	610	760	820	850	940	1130	1360	1420	1280	1180	1160	1150	1140	1270	1340	1300	1410	1470	1680	1660	1710	1790	1970	2120	2150	2260	2280	2250	2180	2460	2900	3170	3340	3530	3860	4070	4130	3980	4090	4130	4130	3930	3690	
Turkey	TUR	"GNI per capita, Atlas method (current US$)"	NY.GNP.PCAP.CD								470	520	560	560	530	560	640	860	1110	1310	1410	1520	1820	1860	1860	1570	1400	1310	1310	1450	1740	1860	1920	2310	2590	2940	3140	2680	2850	2920	3190	3430	3580	4300	3550	3560	3910	5220	6760	7820	8880	9770	9580	10430	11230	11880	12530	12590	12000	11230	
Tuvalu	TUV	"GNI per capita, Atlas method (current US$)"	NY.GNP.PCAP.CD																																										2700	3300	2480	3230	3620	3770	4490	4650	4810	4400	4700	4420	5590	4800	5620	5090	
Tanzania	TZA	"GNI per capita, Atlas method (current US$)"	NY.GNP.PCAP.CD																															200	180	180	170	160	170	190	210	240	280	300	300	310	320	350	400	450	510	580	630	690	730	770	840	920	910	900	
Uganda	UGA	"GNI per capita, Atlas method (current US$)"	NY.GNP.PCAP.CD																									180	190	250	310	400	400	320	240	190	180	180	230	270	290	290	280	270	240	250	250	270	300	340	370	420	490	540	600	610	620	660	670	630	
Ukraine	UKR	"GNI per capita, Atlas method (current US$)"	NY.GNP.PCAP.CD																														1620	1610	1520	1420	1230	1010	920	860	890	850	760	700	730	790	980	1270	1540	1950	2570	3220	2840	2990	3120	3500	3800	3560	2650	2310	
Upper middle income	UMC	"GNI per capita, Atlas method (current US$)"	NY.GNP.PCAP.CD			161.4667594	175.7997793	194.3404223	211.7840169	225.5459785	225.3617828	234.4809729	255.8307838	277.4248146	294.6664636	322.2433776	394.7244287	493.2943269	586.9893171	618.2384404	643.1235352	687.0571858	798.1127903	905.8043032	965.0802884	941.9755943	880.1997802	879.8073398	906.204331	961.302675	1033.096549	1085.429671	1106.669737	1185.74494	1317.50782	1395.302614	1459.29664	1516.382073	1623.012574	1780.900625	1908.36583	1867.259232	1823.886472	1905.250337	1910.633746	1941.301864	2114.93393	2478.433607	2927.080013	3431.67293	4121.130234	4909.94974	5284.084145	5969.463365	6684.380353	7619.88272	8325.187546	8644.295815	8393.442415	8176.340231	
Uruguay	URY	"GNI per capita, Atlas method (current US$)"	NY.GNP.PCAP.CD			580	610	660	680	720	640	610	670	820	850	870	1060	1370	1620	1490	1420	1630	2150	2870	3650	3290	2190	1740	1510	1780	2210	2600	2730	2840	3180	3830	4350	5040	5530	6160	6970	7240	7260	7050	6500	5140	4240	4130	4720	5380	6370	7690	8770	10390	12000	13910	15580	16230	15830	15230	
United States	USA	"GNI per capita, Atlas method (current US$)"	NY.GNP.PCAP.CD			3280	3410	3610	3880	4190	4370	4740	5070	5360	5700	6290	7310	8000	8530	8980	9610	10790	12230	13410	14400	14230	14590	16230	17510	19160	21460	23580	23860	24150	24370	25780	26480	27750	29150	30380	31390	32150	33780	36070	36840	37470	39950	43680	46340	48080	48640	49330	48050	48950	50460	52540	53660	55430	56290	56810	
Uzbekistan	UZB	"GNI per capita, Atlas method (current US$)"	NY.GNP.PCAP.CD																																	600	590	570	580	600	610	620	650	630	560	450	420	460	530	610	770	980	1160	1340	1530	1740	1970	2110	2170	2220	
St. Vincent and the Grenadines	VCT	"GNI per capita, Atlas method (current US$)"	NY.GNP.PCAP.CD			180	160	170	180	180	170	190	190	210	220	300	310	340	370	390	460	560	710	830	960	1030	1090	1200	1340	1460	1660	1950	2030	2110	2230	2540	2680	2640	2890	3000	3070	3180	3300	3470	3650	3940	4380	4730	4950	5460	5590	6210	6270	6030	6070	6350	6550	6630	6670	6770	
"Venezuela, RB"	VEN	"GNI per capita, Atlas method (current US$)"	NY.GNP.PCAP.CD			1070	1100	1060	1000	920	940	1000	1020	1100	1130	1240	1510	1920	2390	2770	2960	3220	3680	4130	4630	4550	4290	3810	3450	3380	3150	3230	2430	2550	2580	2740	2720	2620	2910	2960	3350	3340	3530	4070	4540	3940	3450	4050	4910	6040	7510	9230	10180	11570	11740	12480	11760				
British Virgin Islands	VGB	"GNI per capita, Atlas method (current US$)"	NY.GNP.PCAP.CD																																																										
Virgin Islands (U.S.)	VIR	"GNI per capita, Atlas method (current US$)"	NY.GNP.PCAP.CD													4150	4500	4830	5180	4680	4920	5440	6600	7790	8460	8110	8610	9280	9480	10410	12140	13030	13930																												
Vietnam	VNM	"GNI per capita, Atlas method (current US$)"	NY.GNP.PCAP.CD																														210	130	110	130	160	190	250	290	330	340	350	410	430	450	500	580	630	720	830	980	1100	1250	1360	1530	1710	1860	1950	2060	
Vanuatu	VUT	"GNI per capita, Atlas method (current US$)"	NY.GNP.PCAP.CD																						850	800	810	860	960	980	860	990	1090	1200	1090	1120	1210	1170	1270	1280	1310	1420	1420	1430	1370	1230	1360	1590	1780	1990	2130	2530	2620	2690	2860	2950	3200	3170			
World	WLD	"GNI per capita, Atlas method (current US$)"	NY.GNP.PCAP.CD			482.2589401	508.3971737	544.1154627	585.069223	627.1617355	654.3912083	702.7947801	757.9281125	807.4509797	866.9360855	973.3205068	1176.653311	1378.320563	1546.266818	1628.969054	1725.426999	1933.828899	2282.55276	2611.005266	2710.9733	2571.282092	2434.06173	2482.285053	2565.58226	2830.471441	3299.847985	3899.765989	4055.381074	4207.788815	4353.406223	4662.079971	4743.369507	4934.334614	5228.945654	5479.116331	5523.668184	5288.541735	5292.585081	5474.880503	5447.788917	5405.351812	5807.666592	6624.925777	7340.938907	7826.674313	8341.870326	8933.302747	8956.646991	9384.348676	9868.897293	10453.99194	10822.06867	10922.88012	10576.05894	10307.62124	
Samoa	WSM	"GNI per capita, Atlas method (current US$)"	NY.GNP.PCAP.CD																																						1520	1550	1570	1600	1630	1630	1720	2100	2370	2560	2810	3060	2990	3200	3470	3780	3920	4040	4070	4120	
Kosovo	XKX	"GNI per capita, Atlas method (current US$)"	NY.GNP.PCAP.CD																																															2510	2800	3100	3280	3420	3630	3770	3930	3990	3980	3850	
"Yemen, Rep."	YEM	"GNI per capita, Atlas method (current US$)"	NY.GNP.PCAP.CD																																	500	450	370	310	290	320	360	370	420	470	500	530	600	690	790	880	990	1080	1180	1060	1240	1410	1440	1140	1040	
South Africa	ZAF	"GNI per capita, Atlas method (current US$)"	NY.GNP.PCAP.CD			450	480	510	550	580	630	670	720	780	840	880	1070	1350	1550	1500	1440	1550	1860	2400	2810	2770	2530	2550	2300	2270	2580	3180	3470	3280	3210	3190	3320	3450	3580	3610	3540	3180	3080	3020	2810	2630	2870	3660	4900	5530	5820	5910	5800	6160	6970	7540	7340	6750	6070	5480	
Zambia	ZMB	"GNI per capita, Atlas method (current US$)"	NY.GNP.PCAP.CD			200	200	210	270	280	330	370	410	450	440	440	450	570	590	570	500	490	510	610	690	610	500	420	340	250	260	330	410	430	390	360	380	350	380	400	400	350	350	330	340	350	400	450	550	710	880	1160	1260	1320	1390	1670	1730	1770	1560	1360	
Zimbabwe	ZWE	"GNI per capita, Atlas method (current US$)"	NY.GNP.PCAP.CD			270	280	260	280	290	300	310	350	400	420	460	550	680	750	730	670	670	750	930	1100	1080	990	860	750	700	720	830	860	890	870	710	650	640	620	690	690	610	560	500	520	470	420	420	430	410	380	300	370	490	690	810	890	900	890	890	
